-- Minimal operational schema for Lab 2
CREATE TABLE customers (customer_id INT PRIMARY KEY, name TEXT, email TEXT, created_at TIMESTAMP);
CREATE TABLE brands (brand_id INT PRIMARY KEY, brand_name TEXT);
CREATE TABLE categories (category_id INT PRIMARY KEY, category_name TEXT);
CREATE TABLE products (product_id INT PRIMARY KEY, product_name TEXT, brand_id INT REFERENCES brands(brand_id), category_id INT REFERENCES categories(category_id), price NUMERIC(10,2));
CREATE TABLE orders (order_id INT PRIMARY KEY, customer_id INT REFERENCES customers(customer_id), order_date TIMESTAMP);
CREATE TABLE order_items (order_item_id INT PRIMARY KEY, order_id INT REFERENCES orders(order_id), product_id INT REFERENCES products(product_id), quantity INT, unit_price NUMERIC(10,2));
INSERT INTO customers (customer_id, name, email, created_at) VALUES (1, 'Customer 1', 'c001@example.com', '2025-01-02T10:00:00');
INSERT INTO customers (customer_id, name, email, created_at) VALUES (2, 'Customer 2', 'c002@example.com', '2025-01-03T10:00:00');
INSERT INTO customers (customer_id, name, email, created_at) VALUES (3, 'Customer 3', 'c003@example.com', '2025-01-04T10:00:00');
INSERT INTO customers (customer_id, name, email, created_at) VALUES (4, 'Customer 4', 'c004@example.com', '2025-01-05T10:00:00');
INSERT INTO customers (customer_id, name, email, created_at) VALUES (5, 'Customer 5', 'c005@example.com', '2025-01-06T10:00:00');
INSERT INTO customers (customer_id, name, email, created_at) VALUES (6, 'Customer 6', 'c006@example.com', '2025-01-07T10:00:00');
INSERT INTO customers (customer_id, name, email, created_at) VALUES (7, 'Customer 7', 'c007@example.com', '2025-01-08T10:00:00');
INSERT INTO customers (customer_id, name, email, created_at) VALUES (8, 'Customer 8', 'c008@example.com', '2025-01-09T10:00:00');
INSERT INTO customers (customer_id, name, email, created_at) VALUES (9, 'Customer 9', 'c009@example.com', '2025-01-10T10:00:00');
INSERT INTO customers (customer_id, name, email, created_at) VALUES (10, 'Customer 10', 'c010@example.com', '2025-01-11T10:00:00');
INSERT INTO customers (customer_id, name, email, created_at) VALUES (11, 'Customer 11', 'c011@example.com', '2025-01-12T10:00:00');
INSERT INTO customers (customer_id, name, email, created_at) VALUES (12, 'Customer 12', 'c012@example.com', '2025-01-13T10:00:00');
INSERT INTO customers (customer_id, name, email, created_at) VALUES (13, 'Customer 13', 'c013@example.com', '2025-01-14T10:00:00');
INSERT INTO customers (customer_id, name, email, created_at) VALUES (14, 'Customer 14', 'c014@example.com', '2025-01-15T10:00:00');
INSERT INTO customers (customer_id, name, email, created_at) VALUES (15, 'Customer 15', 'c015@example.com', '2025-01-16T10:00:00');
INSERT INTO customers (customer_id, name, email, created_at) VALUES (16, 'Customer 16', 'c016@example.com', '2025-01-17T10:00:00');
INSERT INTO customers (customer_id, name, email, created_at) VALUES (17, 'Customer 17', 'c017@example.com', '2025-01-18T10:00:00');
INSERT INTO customers (customer_id, name, email, created_at) VALUES (18, 'Customer 18', 'c018@example.com', '2025-01-19T10:00:00');
INSERT INTO customers (customer_id, name, email, created_at) VALUES (19, 'Customer 19', 'c019@example.com', '2025-01-20T10:00:00');
INSERT INTO customers (customer_id, name, email, created_at) VALUES (20, 'Customer 20', 'c020@example.com', '2025-01-21T10:00:00');
INSERT INTO customers (customer_id, name, email, created_at) VALUES (21, 'Customer 21', 'c021@example.com', '2025-01-22T10:00:00');
INSERT INTO customers (customer_id, name, email, created_at) VALUES (22, 'Customer 22', 'c022@example.com', '2025-01-23T10:00:00');
INSERT INTO customers (customer_id, name, email, created_at) VALUES (23, 'Customer 23', 'c023@example.com', '2025-01-24T10:00:00');
INSERT INTO customers (customer_id, name, email, created_at) VALUES (24, 'Customer 24', 'c024@example.com', '2025-01-25T10:00:00');
INSERT INTO brands (brand_id, brand_name) VALUES (1, 'Brand_1');
INSERT INTO brands (brand_id, brand_name) VALUES (2, 'Brand_2');
INSERT INTO brands (brand_id, brand_name) VALUES (3, 'Brand_3');
INSERT INTO brands (brand_id, brand_name) VALUES (4, 'Brand_4');
INSERT INTO brands (brand_id, brand_name) VALUES (5, 'Brand_5');
INSERT INTO brands (brand_id, brand_name) VALUES (6, 'Brand_6');
INSERT INTO brands (brand_id, brand_name) VALUES (7, 'Brand_7');
INSERT INTO brands (brand_id, brand_name) VALUES (8, 'Brand_8');
INSERT INTO categories (category_id, category_name) VALUES (1, 'Category_1');
INSERT INTO categories (category_id, category_name) VALUES (2, 'Category_2');
INSERT INTO categories (category_id, category_name) VALUES (3, 'Category_3');
INSERT INTO categories (category_id, category_name) VALUES (4, 'Category_4');
INSERT INTO categories (category_id, category_name) VALUES (5, 'Category_5');
INSERT INTO categories (category_id, category_name) VALUES (6, 'Category_6');
INSERT INTO categories (category_id, category_name) VALUES (7, 'Category_7');
INSERT INTO categories (category_id, category_name) VALUES (8, 'Category_8');
INSERT INTO categories (category_id, category_name) VALUES (9, 'Category_9');
INSERT INTO products (product_id, product_name, brand_id, category_id, price) VALUES (1, 'Product 1', 5, 8, 97.32);
INSERT INTO products (product_id, product_name, brand_id, category_id, price) VALUES (2, 'Product 2', 3, 9, 212.25);
INSERT INTO products (product_id, product_name, brand_id, category_id, price) VALUES (3, 'Product 3', 8, 7, 140.3);
INSERT INTO products (product_id, product_name, brand_id, category_id, price) VALUES (4, 'Product 4', 5, 1, 67.12);
INSERT INTO products (product_id, product_name, brand_id, category_id, price) VALUES (5, 'Product 5', 8, 3, 160.07);
INSERT INTO products (product_id, product_name, brand_id, category_id, price) VALUES (6, 'Product 6', 5, 9, 243.73);
INSERT INTO products (product_id, product_name, brand_id, category_id, price) VALUES (7, 'Product 7', 3, 9, 62.79);
INSERT INTO products (product_id, product_name, brand_id, category_id, price) VALUES (8, 'Product 8', 4, 9, 136.07);
INSERT INTO products (product_id, product_name, brand_id, category_id, price) VALUES (9, 'Product 9', 5, 9, 163.02);
INSERT INTO products (product_id, product_name, brand_id, category_id, price) VALUES (10, 'Product 10', 6, 4, 12.77);
INSERT INTO products (product_id, product_name, brand_id, category_id, price) VALUES (11, 'Product 11', 7, 7, 34.64);
INSERT INTO products (product_id, product_name, brand_id, category_id, price) VALUES (12, 'Product 12', 5, 2, 98.2);
INSERT INTO products (product_id, product_name, brand_id, category_id, price) VALUES (13, 'Product 13', 2, 6, 165.77);
INSERT INTO products (product_id, product_name, brand_id, category_id, price) VALUES (14, 'Product 14', 1, 4, 175.23);
INSERT INTO products (product_id, product_name, brand_id, category_id, price) VALUES (15, 'Product 15', 7, 6, 20.07);
INSERT INTO products (product_id, product_name, brand_id, category_id, price) VALUES (16, 'Product 16', 5, 3, 52.83);
INSERT INTO products (product_id, product_name, brand_id, category_id, price) VALUES (17, 'Product 17', 3, 6, 23.49);
INSERT INTO products (product_id, product_name, brand_id, category_id, price) VALUES (18, 'Product 18', 2, 9, 8.21);
INSERT INTO products (product_id, product_name, brand_id, category_id, price) VALUES (19, 'Product 19', 7, 7, 209.43);
INSERT INTO products (product_id, product_name, brand_id, category_id, price) VALUES (20, 'Product 20', 8, 3, 200.32);
INSERT INTO products (product_id, product_name, brand_id, category_id, price) VALUES (21, 'Product 21', 1, 9, 17.12);
INSERT INTO products (product_id, product_name, brand_id, category_id, price) VALUES (22, 'Product 22', 2, 6, 31.28);
INSERT INTO products (product_id, product_name, brand_id, category_id, price) VALUES (23, 'Product 23', 1, 3, 185.36);
INSERT INTO products (product_id, product_name, brand_id, category_id, price) VALUES (24, 'Product 24', 4, 7, 73.44);
INSERT INTO products (product_id, product_name, brand_id, category_id, price) VALUES (25, 'Product 25', 7, 3, 158.39);
INSERT INTO products (product_id, product_name, brand_id, category_id, price) VALUES (26, 'Product 26', 1, 4, 14.81);
INSERT INTO products (product_id, product_name, brand_id, category_id, price) VALUES (27, 'Product 27', 8, 7, 72.8);
INSERT INTO products (product_id, product_name, brand_id, category_id, price) VALUES (28, 'Product 28', 2, 1, 68.03);
INSERT INTO products (product_id, product_name, brand_id, category_id, price) VALUES (29, 'Product 29', 6, 3, 244.63);
INSERT INTO products (product_id, product_name, brand_id, category_id, price) VALUES (30, 'Product 30', 5, 4, 208.8);
INSERT INTO products (product_id, product_name, brand_id, category_id, price) VALUES (31, 'Product 31', 3, 9, 217.08);
INSERT INTO products (product_id, product_name, brand_id, category_id, price) VALUES (32, 'Product 32', 5, 9, 120.58);
INSERT INTO products (product_id, product_name, brand_id, category_id, price) VALUES (33, 'Product 33', 4, 8, 155.68);
INSERT INTO products (product_id, product_name, brand_id, category_id, price) VALUES (34, 'Product 34', 3, 5, 6.47);
INSERT INTO products (product_id, product_name, brand_id, category_id, price) VALUES (35, 'Product 35', 4, 8, 122.72);
INSERT INTO products (product_id, product_name, brand_id, category_id, price) VALUES (36, 'Product 36', 3, 2, 111.77);
INSERT INTO products (product_id, product_name, brand_id, category_id, price) VALUES (37, 'Product 37', 7, 1, 118.31);
INSERT INTO products (product_id, product_name, brand_id, category_id, price) VALUES (38, 'Product 38', 5, 4, 24.22);
INSERT INTO products (product_id, product_name, brand_id, category_id, price) VALUES (39, 'Product 39', 5, 7, 185.42);
INSERT INTO products (product_id, product_name, brand_id, category_id, price) VALUES (40, 'Product 40', 2, 4, 4.46);
INSERT INTO products (product_id, product_name, brand_id, category_id, price) VALUES (41, 'Product 41', 7, 2, 170.68);
INSERT INTO products (product_id, product_name, brand_id, category_id, price) VALUES (42, 'Product 42', 2, 2, 81.02);
INSERT INTO products (product_id, product_name, brand_id, category_id, price) VALUES (43, 'Product 43', 6, 2, 95.07);
INSERT INTO products (product_id, product_name, brand_id, category_id, price) VALUES (44, 'Product 44', 3, 8, 7.41);
INSERT INTO products (product_id, product_name, brand_id, category_id, price) VALUES (45, 'Product 45', 3, 7, 142.51);
INSERT INTO products (product_id, product_name, brand_id, category_id, price) VALUES (46, 'Product 46', 1, 2, 53.29);
INSERT INTO products (product_id, product_name, brand_id, category_id, price) VALUES (47, 'Product 47', 8, 2, 141.48);
INSERT INTO products (product_id, product_name, brand_id, category_id, price) VALUES (48, 'Product 48', 6, 6, 130.44);
INSERT INTO products (product_id, product_name, brand_id, category_id, price) VALUES (49, 'Product 49', 8, 1, 24.21);
INSERT INTO products (product_id, product_name, brand_id, category_id, price) VALUES (50, 'Product 50', 8, 4, 66.21);
INSERT INTO products (product_id, product_name, brand_id, category_id, price) VALUES (51, 'Product 51', 5, 7, 232.99);
INSERT INTO products (product_id, product_name, brand_id, category_id, price) VALUES (52, 'Product 52', 4, 3, 221.51);
INSERT INTO products (product_id, product_name, brand_id, category_id, price) VALUES (53, 'Product 53', 2, 6, 169.03);
INSERT INTO products (product_id, product_name, brand_id, category_id, price) VALUES (54, 'Product 54', 1, 5, 227.97);
INSERT INTO products (product_id, product_name, brand_id, category_id, price) VALUES (55, 'Product 55', 4, 9, 238.15);
INSERT INTO products (product_id, product_name, brand_id, category_id, price) VALUES (56, 'Product 56', 3, 3, 188.39);
INSERT INTO products (product_id, product_name, brand_id, category_id, price) VALUES (57, 'Product 57', 4, 1, 182.43);
INSERT INTO products (product_id, product_name, brand_id, category_id, price) VALUES (58, 'Product 58', 1, 2, 59.62);
INSERT INTO products (product_id, product_name, brand_id, category_id, price) VALUES (59, 'Product 59', 4, 2, 146.32);
INSERT INTO products (product_id, product_name, brand_id, category_id, price) VALUES (60, 'Product 60', 1, 5, 164.61);
INSERT INTO orders (order_id, customer_id, order_date) VALUES (1, 5, '2025-03-07T12:22:00');
INSERT INTO orders (order_id, customer_id, order_date) VALUES (2, 14, '2025-02-16T17:00:00');
INSERT INTO orders (order_id, customer_id, order_date) VALUES (3, 21, '2025-04-11T12:28:00');
INSERT INTO orders (order_id, customer_id, order_date) VALUES (4, 6, '2025-06-15T17:13:00');
INSERT INTO orders (order_id, customer_id, order_date) VALUES (5, 17, '2025-05-22T16:29:00');
INSERT INTO orders (order_id, customer_id, order_date) VALUES (6, 6, '2025-02-27T17:11:00');
INSERT INTO orders (order_id, customer_id, order_date) VALUES (7, 13, '2025-05-26T14:32:00');
INSERT INTO orders (order_id, customer_id, order_date) VALUES (8, 7, '2025-05-22T19:58:00');
INSERT INTO orders (order_id, customer_id, order_date) VALUES (9, 12, '2025-04-01T12:28:00');
INSERT INTO orders (order_id, customer_id, order_date) VALUES (10, 7, '2025-02-05T12:23:00');
INSERT INTO orders (order_id, customer_id, order_date) VALUES (11, 24, '2025-04-07T18:49:00');
INSERT INTO orders (order_id, customer_id, order_date) VALUES (12, 14, '2025-05-14T18:27:00');
INSERT INTO orders (order_id, customer_id, order_date) VALUES (13, 16, '2025-06-03T10:30:00');
INSERT INTO orders (order_id, customer_id, order_date) VALUES (14, 19, '2025-02-21T08:08:00');
INSERT INTO orders (order_id, customer_id, order_date) VALUES (15, 4, '2025-03-04T13:03:00');
INSERT INTO orders (order_id, customer_id, order_date) VALUES (16, 2, '2025-06-27T12:10:00');
INSERT INTO orders (order_id, customer_id, order_date) VALUES (17, 20, '2025-05-21T17:27:00');
INSERT INTO orders (order_id, customer_id, order_date) VALUES (18, 8, '2025-03-07T15:30:00');
INSERT INTO orders (order_id, customer_id, order_date) VALUES (19, 15, '2025-04-20T13:49:00');
INSERT INTO orders (order_id, customer_id, order_date) VALUES (20, 2, '2025-02-05T16:34:00');
INSERT INTO orders (order_id, customer_id, order_date) VALUES (21, 3, '2025-05-01T12:46:00');
INSERT INTO orders (order_id, customer_id, order_date) VALUES (22, 21, '2025-05-22T10:36:00');
INSERT INTO orders (order_id, customer_id, order_date) VALUES (23, 10, '2025-02-22T08:21:00');
INSERT INTO orders (order_id, customer_id, order_date) VALUES (24, 19, '2025-02-04T16:54:00');
INSERT INTO orders (order_id, customer_id, order_date) VALUES (25, 23, '2025-02-24T12:43:00');
INSERT INTO orders (order_id, customer_id, order_date) VALUES (26, 13, '2025-05-22T13:42:00');
INSERT INTO orders (order_id, customer_id, order_date) VALUES (27, 22, '2025-04-26T15:01:00');
INSERT INTO orders (order_id, customer_id, order_date) VALUES (28, 6, '2025-05-02T12:31:00');
INSERT INTO orders (order_id, customer_id, order_date) VALUES (29, 4, '2025-04-24T11:14:00');
INSERT INTO orders (order_id, customer_id, order_date) VALUES (30, 23, '2025-03-21T14:26:00');
INSERT INTO orders (order_id, customer_id, order_date) VALUES (31, 7, '2025-03-26T17:17:00');
INSERT INTO orders (order_id, customer_id, order_date) VALUES (32, 15, '2025-05-11T11:25:00');
INSERT INTO orders (order_id, customer_id, order_date) VALUES (33, 3, '2025-02-10T18:04:00');
INSERT INTO orders (order_id, customer_id, order_date) VALUES (34, 4, '2025-05-13T15:39:00');
INSERT INTO orders (order_id, customer_id, order_date) VALUES (35, 5, '2025-06-28T19:23:00');
INSERT INTO orders (order_id, customer_id, order_date) VALUES (36, 8, '2025-03-23T08:08:00');
INSERT INTO orders (order_id, customer_id, order_date) VALUES (37, 9, '2025-03-04T19:51:00');
INSERT INTO orders (order_id, customer_id, order_date) VALUES (38, 11, '2025-05-26T18:15:00');
INSERT INTO orders (order_id, customer_id, order_date) VALUES (39, 7, '2025-04-05T18:43:00');
INSERT INTO orders (order_id, customer_id, order_date) VALUES (40, 13, '2025-04-04T08:00:00');
INSERT INTO orders (order_id, customer_id, order_date) VALUES (41, 15, '2025-02-03T14:43:00');
INSERT INTO orders (order_id, customer_id, order_date) VALUES (42, 10, '2025-02-20T11:34:00');
INSERT INTO orders (order_id, customer_id, order_date) VALUES (43, 2, '2025-06-05T08:27:00');
INSERT INTO orders (order_id, customer_id, order_date) VALUES (44, 10, '2025-04-09T16:44:00');
INSERT INTO orders (order_id, customer_id, order_date) VALUES (45, 1, '2025-06-12T18:46:00');
INSERT INTO orders (order_id, customer_id, order_date) VALUES (46, 19, '2025-03-16T17:46:00');
INSERT INTO orders (order_id, customer_id, order_date) VALUES (47, 7, '2025-02-23T09:15:00');
INSERT INTO orders (order_id, customer_id, order_date) VALUES (48, 13, '2025-03-03T12:17:00');
INSERT INTO orders (order_id, customer_id, order_date) VALUES (49, 5, '2025-04-11T17:03:00');
INSERT INTO orders (order_id, customer_id, order_date) VALUES (50, 4, '2025-03-13T12:11:00');
INSERT INTO orders (order_id, customer_id, order_date) VALUES (51, 8, '2025-02-28T19:47:00');
INSERT INTO orders (order_id, customer_id, order_date) VALUES (52, 2, '2025-04-26T18:08:00');
INSERT INTO orders (order_id, customer_id, order_date) VALUES (53, 17, '2025-05-28T14:50:00');
INSERT INTO orders (order_id, customer_id, order_date) VALUES (54, 9, '2025-02-10T14:38:00');
INSERT INTO orders (order_id, customer_id, order_date) VALUES (55, 18, '2025-04-23T08:49:00');
INSERT INTO orders (order_id, customer_id, order_date) VALUES (56, 11, '2025-03-14T14:36:00');
INSERT INTO orders (order_id, customer_id, order_date) VALUES (57, 23, '2025-03-22T14:06:00');
INSERT INTO orders (order_id, customer_id, order_date) VALUES (58, 22, '2025-06-12T19:51:00');
INSERT INTO orders (order_id, customer_id, order_date) VALUES (59, 9, '2025-02-12T09:12:00');
INSERT INTO orders (order_id, customer_id, order_date) VALUES (60, 18, '2025-02-25T17:02:00');
INSERT INTO orders (order_id, customer_id, order_date) VALUES (61, 1, '2025-04-08T18:42:00');
INSERT INTO orders (order_id, customer_id, order_date) VALUES (62, 5, '2025-02-16T13:24:00');
INSERT INTO orders (order_id, customer_id, order_date) VALUES (63, 10, '2025-06-25T11:38:00');
INSERT INTO orders (order_id, customer_id, order_date) VALUES (64, 6, '2025-04-06T09:47:00');
INSERT INTO orders (order_id, customer_id, order_date) VALUES (65, 20, '2025-05-03T18:06:00');
INSERT INTO orders (order_id, customer_id, order_date) VALUES (66, 21, '2025-03-22T09:23:00');
INSERT INTO orders (order_id, customer_id, order_date) VALUES (67, 8, '2025-06-19T12:51:00');
INSERT INTO orders (order_id, customer_id, order_date) VALUES (68, 5, '2025-02-06T13:59:00');
INSERT INTO orders (order_id, customer_id, order_date) VALUES (69, 23, '2025-06-25T08:31:00');
INSERT INTO orders (order_id, customer_id, order_date) VALUES (70, 2, '2025-02-09T14:13:00');
INSERT INTO orders (order_id, customer_id, order_date) VALUES (71, 4, '2025-04-28T18:12:00');
INSERT INTO orders (order_id, customer_id, order_date) VALUES (72, 17, '2025-05-06T10:12:00');
INSERT INTO orders (order_id, customer_id, order_date) VALUES (73, 22, '2025-04-16T13:08:00');
INSERT INTO orders (order_id, customer_id, order_date) VALUES (74, 11, '2025-02-15T18:31:00');
INSERT INTO orders (order_id, customer_id, order_date) VALUES (75, 24, '2025-05-15T10:33:00');
INSERT INTO orders (order_id, customer_id, order_date) VALUES (76, 14, '2025-04-22T10:42:00');
INSERT INTO orders (order_id, customer_id, order_date) VALUES (77, 22, '2025-04-07T17:35:00');
INSERT INTO orders (order_id, customer_id, order_date) VALUES (78, 1, '2025-04-01T17:17:00');
INSERT INTO orders (order_id, customer_id, order_date) VALUES (79, 22, '2025-04-15T12:15:00');
INSERT INTO orders (order_id, customer_id, order_date) VALUES (80, 8, '2025-02-01T12:55:00');
INSERT INTO orders (order_id, customer_id, order_date) VALUES (81, 19, '2025-02-17T14:20:00');
INSERT INTO orders (order_id, customer_id, order_date) VALUES (82, 2, '2025-04-14T08:55:00');
INSERT INTO orders (order_id, customer_id, order_date) VALUES (83, 18, '2025-03-07T15:30:00');
INSERT INTO orders (order_id, customer_id, order_date) VALUES (84, 7, '2025-03-20T10:08:00');
INSERT INTO orders (order_id, customer_id, order_date) VALUES (85, 16, '2025-06-13T14:19:00');
INSERT INTO orders (order_id, customer_id, order_date) VALUES (86, 4, '2025-05-15T10:35:00');
INSERT INTO orders (order_id, customer_id, order_date) VALUES (87, 15, '2025-06-04T10:20:00');
INSERT INTO orders (order_id, customer_id, order_date) VALUES (88, 20, '2025-03-15T08:31:00');
INSERT INTO orders (order_id, customer_id, order_date) VALUES (89, 11, '2025-03-22T16:20:00');
INSERT INTO orders (order_id, customer_id, order_date) VALUES (90, 22, '2025-04-20T12:00:00');
INSERT INTO orders (order_id, customer_id, order_date) VALUES (91, 10, '2025-04-20T09:05:00');
INSERT INTO orders (order_id, customer_id, order_date) VALUES (92, 16, '2025-02-03T08:18:00');
INSERT INTO orders (order_id, customer_id, order_date) VALUES (93, 13, '2025-03-27T17:34:00');
INSERT INTO orders (order_id, customer_id, order_date) VALUES (94, 18, '2025-06-15T19:38:00');
INSERT INTO orders (order_id, customer_id, order_date) VALUES (95, 11, '2025-03-24T16:17:00');
INSERT INTO orders (order_id, customer_id, order_date) VALUES (96, 15, '2025-02-03T16:40:00');
INSERT INTO orders (order_id, customer_id, order_date) VALUES (97, 3, '2025-02-17T14:15:00');
INSERT INTO orders (order_id, customer_id, order_date) VALUES (98, 16, '2025-06-22T18:30:00');
INSERT INTO orders (order_id, customer_id, order_date) VALUES (99, 15, '2025-06-23T11:38:00');
INSERT INTO orders (order_id, customer_id, order_date) VALUES (100, 11, '2025-03-17T12:30:00');
INSERT INTO orders (order_id, customer_id, order_date) VALUES (101, 10, '2025-04-09T11:03:00');
INSERT INTO orders (order_id, customer_id, order_date) VALUES (102, 2, '2025-06-04T14:34:00');
INSERT INTO orders (order_id, customer_id, order_date) VALUES (103, 2, '2025-06-28T10:24:00');
INSERT INTO orders (order_id, customer_id, order_date) VALUES (104, 21, '2025-03-19T16:40:00');
INSERT INTO orders (order_id, customer_id, order_date) VALUES (105, 6, '2025-05-13T08:02:00');
INSERT INTO orders (order_id, customer_id, order_date) VALUES (106, 11, '2025-03-27T12:10:00');
INSERT INTO orders (order_id, customer_id, order_date) VALUES (107, 17, '2025-04-03T15:54:00');
INSERT INTO orders (order_id, customer_id, order_date) VALUES (108, 22, '2025-02-01T17:13:00');
INSERT INTO orders (order_id, customer_id, order_date) VALUES (109, 14, '2025-02-16T09:00:00');
INSERT INTO orders (order_id, customer_id, order_date) VALUES (110, 19, '2025-02-10T17:52:00');
INSERT INTO orders (order_id, customer_id, order_date) VALUES (111, 17, '2025-04-24T09:46:00');
INSERT INTO orders (order_id, customer_id, order_date) VALUES (112, 14, '2025-04-11T15:00:00');
INSERT INTO orders (order_id, customer_id, order_date) VALUES (113, 13, '2025-03-27T12:56:00');
INSERT INTO orders (order_id, customer_id, order_date) VALUES (114, 9, '2025-04-27T13:44:00');
INSERT INTO orders (order_id, customer_id, order_date) VALUES (115, 17, '2025-05-06T14:38:00');
INSERT INTO orders (order_id, customer_id, order_date) VALUES (116, 1, '2025-04-23T15:51:00');
INSERT INTO orders (order_id, customer_id, order_date) VALUES (117, 1, '2025-02-10T16:03:00');
INSERT INTO orders (order_id, customer_id, order_date) VALUES (118, 11, '2025-05-01T14:29:00');
INSERT INTO orders (order_id, customer_id, order_date) VALUES (119, 14, '2025-04-28T17:00:00');
INSERT INTO orders (order_id, customer_id, order_date) VALUES (120, 8, '2025-05-01T18:17:00');
INSERT INTO orders (order_id, customer_id, order_date) VALUES (121, 18, '2025-04-17T14:44:00');
INSERT INTO orders (order_id, customer_id, order_date) VALUES (122, 6, '2025-04-17T13:46:00');
INSERT INTO orders (order_id, customer_id, order_date) VALUES (123, 2, '2025-03-12T19:55:00');
INSERT INTO orders (order_id, customer_id, order_date) VALUES (124, 16, '2025-02-24T19:47:00');
INSERT INTO orders (order_id, customer_id, order_date) VALUES (125, 16, '2025-02-13T12:14:00');
INSERT INTO orders (order_id, customer_id, order_date) VALUES (126, 12, '2025-06-19T15:09:00');
INSERT INTO orders (order_id, customer_id, order_date) VALUES (127, 9, '2025-06-25T08:38:00');
INSERT INTO orders (order_id, customer_id, order_date) VALUES (128, 3, '2025-05-12T14:31:00');
INSERT INTO orders (order_id, customer_id, order_date) VALUES (129, 21, '2025-03-13T14:34:00');
INSERT INTO orders (order_id, customer_id, order_date) VALUES (130, 16, '2025-06-21T13:57:00');
INSERT INTO orders (order_id, customer_id, order_date) VALUES (131, 21, '2025-05-05T08:59:00');
INSERT INTO orders (order_id, customer_id, order_date) VALUES (132, 13, '2025-03-01T11:37:00');
INSERT INTO orders (order_id, customer_id, order_date) VALUES (133, 9, '2025-05-09T12:00:00');
INSERT INTO orders (order_id, customer_id, order_date) VALUES (134, 13, '2025-03-23T08:43:00');
INSERT INTO orders (order_id, customer_id, order_date) VALUES (135, 16, '2025-03-24T08:20:00');
INSERT INTO orders (order_id, customer_id, order_date) VALUES (136, 18, '2025-06-05T16:27:00');
INSERT INTO orders (order_id, customer_id, order_date) VALUES (137, 2, '2025-03-08T19:07:00');
INSERT INTO orders (order_id, customer_id, order_date) VALUES (138, 5, '2025-04-16T13:21:00');
INSERT INTO orders (order_id, customer_id, order_date) VALUES (139, 7, '2025-03-04T11:46:00');
INSERT INTO orders (order_id, customer_id, order_date) VALUES (140, 13, '2025-05-02T15:34:00');
INSERT INTO orders (order_id, customer_id, order_date) VALUES (141, 5, '2025-04-09T15:42:00');
INSERT INTO orders (order_id, customer_id, order_date) VALUES (142, 24, '2025-02-19T12:24:00');
INSERT INTO orders (order_id, customer_id, order_date) VALUES (143, 23, '2025-06-02T15:56:00');
INSERT INTO orders (order_id, customer_id, order_date) VALUES (144, 6, '2025-03-28T10:22:00');
INSERT INTO orders (order_id, customer_id, order_date) VALUES (145, 3, '2025-06-05T13:06:00');
INSERT INTO orders (order_id, customer_id, order_date) VALUES (146, 21, '2025-04-18T13:47:00');
INSERT INTO orders (order_id, customer_id, order_date) VALUES (147, 12, '2025-03-21T13:56:00');
INSERT INTO orders (order_id, customer_id, order_date) VALUES (148, 13, '2025-05-26T13:16:00');
INSERT INTO orders (order_id, customer_id, order_date) VALUES (149, 20, '2025-05-13T08:18:00');
INSERT INTO orders (order_id, customer_id, order_date) VALUES (150, 18, '2025-03-21T09:00:00');
INSERT INTO orders (order_id, customer_id, order_date) VALUES (151, 11, '2025-06-04T17:29:00');
INSERT INTO orders (order_id, customer_id, order_date) VALUES (152, 10, '2025-02-12T18:25:00');
INSERT INTO orders (order_id, customer_id, order_date) VALUES (153, 19, '2025-05-03T10:47:00');
INSERT INTO orders (order_id, customer_id, order_date) VALUES (154, 17, '2025-05-24T12:05:00');
INSERT INTO orders (order_id, customer_id, order_date) VALUES (155, 8, '2025-02-09T18:39:00');
INSERT INTO orders (order_id, customer_id, order_date) VALUES (156, 19, '2025-05-24T08:43:00');
INSERT INTO orders (order_id, customer_id, order_date) VALUES (157, 20, '2025-03-14T11:32:00');
INSERT INTO orders (order_id, customer_id, order_date) VALUES (158, 16, '2025-05-19T19:36:00');
INSERT INTO orders (order_id, customer_id, order_date) VALUES (159, 24, '2025-06-21T08:31:00');
INSERT INTO orders (order_id, customer_id, order_date) VALUES (160, 5, '2025-05-21T08:49:00');
INSERT INTO orders (order_id, customer_id, order_date) VALUES (161, 9, '2025-02-27T08:13:00');
INSERT INTO orders (order_id, customer_id, order_date) VALUES (162, 24, '2025-04-07T08:13:00');
INSERT INTO orders (order_id, customer_id, order_date) VALUES (163, 13, '2025-05-17T09:34:00');
INSERT INTO orders (order_id, customer_id, order_date) VALUES (164, 10, '2025-03-01T16:27:00');
INSERT INTO orders (order_id, customer_id, order_date) VALUES (165, 20, '2025-04-08T12:07:00');
INSERT INTO orders (order_id, customer_id, order_date) VALUES (166, 11, '2025-05-18T19:40:00');
INSERT INTO orders (order_id, customer_id, order_date) VALUES (167, 6, '2025-04-15T09:36:00');
INSERT INTO orders (order_id, customer_id, order_date) VALUES (168, 18, '2025-05-07T08:52:00');
INSERT INTO orders (order_id, customer_id, order_date) VALUES (169, 19, '2025-03-01T14:52:00');
INSERT INTO orders (order_id, customer_id, order_date) VALUES (170, 10, '2025-05-03T16:42:00');
INSERT INTO orders (order_id, customer_id, order_date) VALUES (171, 13, '2025-04-27T17:08:00');
INSERT INTO orders (order_id, customer_id, order_date) VALUES (172, 11, '2025-04-17T15:54:00');
INSERT INTO orders (order_id, customer_id, order_date) VALUES (173, 19, '2025-02-28T15:31:00');
INSERT INTO orders (order_id, customer_id, order_date) VALUES (174, 2, '2025-02-22T12:44:00');
INSERT INTO orders (order_id, customer_id, order_date) VALUES (175, 10, '2025-05-23T19:44:00');
INSERT INTO orders (order_id, customer_id, order_date) VALUES (176, 16, '2025-03-21T16:20:00');
INSERT INTO orders (order_id, customer_id, order_date) VALUES (177, 9, '2025-05-12T08:29:00');
INSERT INTO orders (order_id, customer_id, order_date) VALUES (178, 3, '2025-06-16T16:38:00');
INSERT INTO orders (order_id, customer_id, order_date) VALUES (179, 17, '2025-05-11T12:34:00');
INSERT INTO orders (order_id, customer_id, order_date) VALUES (180, 21, '2025-05-07T12:39:00');
INSERT INTO orders (order_id, customer_id, order_date) VALUES (181, 2, '2025-06-09T15:12:00');
INSERT INTO orders (order_id, customer_id, order_date) VALUES (182, 23, '2025-05-11T14:52:00');
INSERT INTO orders (order_id, customer_id, order_date) VALUES (183, 17, '2025-02-15T18:14:00');
INSERT INTO orders (order_id, customer_id, order_date) VALUES (184, 7, '2025-03-21T13:32:00');
INSERT INTO orders (order_id, customer_id, order_date) VALUES (185, 9, '2025-03-03T14:51:00');
INSERT INTO orders (order_id, customer_id, order_date) VALUES (186, 11, '2025-04-11T14:47:00');
INSERT INTO orders (order_id, customer_id, order_date) VALUES (187, 4, '2025-02-01T12:04:00');
INSERT INTO orders (order_id, customer_id, order_date) VALUES (188, 13, '2025-03-05T17:15:00');
INSERT INTO orders (order_id, customer_id, order_date) VALUES (189, 23, '2025-02-23T08:05:00');
INSERT INTO orders (order_id, customer_id, order_date) VALUES (190, 23, '2025-02-06T13:11:00');
INSERT INTO orders (order_id, customer_id, order_date) VALUES (191, 12, '2025-03-01T14:48:00');
INSERT INTO orders (order_id, customer_id, order_date) VALUES (192, 8, '2025-02-09T11:20:00');
INSERT INTO orders (order_id, customer_id, order_date) VALUES (193, 9, '2025-06-13T17:14:00');
INSERT INTO orders (order_id, customer_id, order_date) VALUES (194, 12, '2025-04-17T16:13:00');
INSERT INTO orders (order_id, customer_id, order_date) VALUES (195, 23, '2025-06-19T08:41:00');
INSERT INTO orders (order_id, customer_id, order_date) VALUES (196, 16, '2025-04-07T19:22:00');
INSERT INTO orders (order_id, customer_id, order_date) VALUES (197, 7, '2025-05-13T16:26:00');
INSERT INTO orders (order_id, customer_id, order_date) VALUES (198, 19, '2025-02-07T08:06:00');
INSERT INTO orders (order_id, customer_id, order_date) VALUES (199, 19, '2025-03-10T12:03:00');
INSERT INTO orders (order_id, customer_id, order_date) VALUES (200, 16, '2025-06-06T15:05:00');
INSERT INTO orders (order_id, customer_id, order_date) VALUES (201, 9, '2025-02-28T09:45:00');
INSERT INTO orders (order_id, customer_id, order_date) VALUES (202, 9, '2025-05-03T17:13:00');
INSERT INTO orders (order_id, customer_id, order_date) VALUES (203, 10, '2025-06-02T11:20:00');
INSERT INTO orders (order_id, customer_id, order_date) VALUES (204, 7, '2025-06-08T09:53:00');
INSERT INTO orders (order_id, customer_id, order_date) VALUES (205, 24, '2025-03-06T13:07:00');
INSERT INTO orders (order_id, customer_id, order_date) VALUES (206, 18, '2025-04-09T17:41:00');
INSERT INTO orders (order_id, customer_id, order_date) VALUES (207, 11, '2025-05-17T09:15:00');
INSERT INTO orders (order_id, customer_id, order_date) VALUES (208, 23, '2025-06-27T14:09:00');
INSERT INTO orders (order_id, customer_id, order_date) VALUES (209, 22, '2025-05-19T13:15:00');
INSERT INTO orders (order_id, customer_id, order_date) VALUES (210, 4, '2025-06-28T11:13:00');
INSERT INTO orders (order_id, customer_id, order_date) VALUES (211, 19, '2025-03-22T10:29:00');
INSERT INTO orders (order_id, customer_id, order_date) VALUES (212, 15, '2025-05-21T10:23:00');
INSERT INTO orders (order_id, customer_id, order_date) VALUES (213, 5, '2025-04-19T10:00:00');
INSERT INTO orders (order_id, customer_id, order_date) VALUES (214, 15, '2025-06-04T08:08:00');
INSERT INTO orders (order_id, customer_id, order_date) VALUES (215, 21, '2025-04-26T08:03:00');
INSERT INTO orders (order_id, customer_id, order_date) VALUES (216, 13, '2025-04-16T19:26:00');
INSERT INTO orders (order_id, customer_id, order_date) VALUES (217, 18, '2025-04-28T11:22:00');
INSERT INTO orders (order_id, customer_id, order_date) VALUES (218, 4, '2025-05-20T10:09:00');
INSERT INTO orders (order_id, customer_id, order_date) VALUES (219, 17, '2025-03-14T10:34:00');
INSERT INTO orders (order_id, customer_id, order_date) VALUES (220, 9, '2025-02-19T09:56:00');
INSERT INTO order_items (order_item_id, order_id, product_id, quantity, unit_price) VALUES (1, 1, 50, 1, 66.21);
INSERT INTO order_items (order_item_id, order_id, product_id, quantity, unit_price) VALUES (2, 2, 15, 3, 20.07);
INSERT INTO order_items (order_item_id, order_id, product_id, quantity, unit_price) VALUES (3, 2, 18, 4, 8.21);
INSERT INTO order_items (order_item_id, order_id, product_id, quantity, unit_price) VALUES (4, 2, 36, 3, 111.77);
INSERT INTO order_items (order_item_id, order_id, product_id, quantity, unit_price) VALUES (5, 2, 51, 1, 232.99);
INSERT INTO order_items (order_item_id, order_id, product_id, quantity, unit_price) VALUES (6, 3, 55, 4, 238.15);
INSERT INTO order_items (order_item_id, order_id, product_id, quantity, unit_price) VALUES (7, 3, 14, 3, 175.23);
INSERT INTO order_items (order_item_id, order_id, product_id, quantity, unit_price) VALUES (8, 3, 44, 4, 7.41);
INSERT INTO order_items (order_item_id, order_id, product_id, quantity, unit_price) VALUES (9, 3, 36, 3, 111.77);
INSERT INTO order_items (order_item_id, order_id, product_id, quantity, unit_price) VALUES (10, 4, 28, 1, 68.03);
INSERT INTO order_items (order_item_id, order_id, product_id, quantity, unit_price) VALUES (11, 4, 36, 1, 111.77);
INSERT INTO order_items (order_item_id, order_id, product_id, quantity, unit_price) VALUES (12, 4, 10, 2, 12.77);
INSERT INTO order_items (order_item_id, order_id, product_id, quantity, unit_price) VALUES (13, 4, 45, 2, 142.51);
INSERT INTO order_items (order_item_id, order_id, product_id, quantity, unit_price) VALUES (14, 5, 40, 2, 4.46);
INSERT INTO order_items (order_item_id, order_id, product_id, quantity, unit_price) VALUES (15, 5, 31, 4, 217.08);
INSERT INTO order_items (order_item_id, order_id, product_id, quantity, unit_price) VALUES (16, 5, 33, 3, 155.68);
INSERT INTO order_items (order_item_id, order_id, product_id, quantity, unit_price) VALUES (17, 5, 27, 3, 72.8);
INSERT INTO order_items (order_item_id, order_id, product_id, quantity, unit_price) VALUES (18, 6, 14, 1, 175.23);
INSERT INTO order_items (order_item_id, order_id, product_id, quantity, unit_price) VALUES (19, 6, 32, 1, 120.58);
INSERT INTO order_items (order_item_id, order_id, product_id, quantity, unit_price) VALUES (20, 6, 12, 2, 98.2);
INSERT INTO order_items (order_item_id, order_id, product_id, quantity, unit_price) VALUES (21, 7, 32, 2, 120.58);
INSERT INTO order_items (order_item_id, order_id, product_id, quantity, unit_price) VALUES (22, 7, 34, 3, 6.47);
INSERT INTO order_items (order_item_id, order_id, product_id, quantity, unit_price) VALUES (23, 8, 58, 1, 59.62);
INSERT INTO order_items (order_item_id, order_id, product_id, quantity, unit_price) VALUES (24, 8, 47, 3, 141.48);
INSERT INTO order_items (order_item_id, order_id, product_id, quantity, unit_price) VALUES (25, 8, 55, 1, 238.15);
INSERT INTO order_items (order_item_id, order_id, product_id, quantity, unit_price) VALUES (26, 8, 12, 2, 98.2);
INSERT INTO order_items (order_item_id, order_id, product_id, quantity, unit_price) VALUES (27, 8, 1, 3, 97.32);
INSERT INTO order_items (order_item_id, order_id, product_id, quantity, unit_price) VALUES (28, 9, 21, 2, 17.12);
INSERT INTO order_items (order_item_id, order_id, product_id, quantity, unit_price) VALUES (29, 9, 17, 2, 23.49);
INSERT INTO order_items (order_item_id, order_id, product_id, quantity, unit_price) VALUES (30, 9, 29, 1, 244.63);
INSERT INTO order_items (order_item_id, order_id, product_id, quantity, unit_price) VALUES (31, 9, 26, 2, 14.81);
INSERT INTO order_items (order_item_id, order_id, product_id, quantity, unit_price) VALUES (32, 10, 15, 3, 20.07);
INSERT INTO order_items (order_item_id, order_id, product_id, quantity, unit_price) VALUES (33, 10, 51, 2, 232.99);
INSERT INTO order_items (order_item_id, order_id, product_id, quantity, unit_price) VALUES (34, 10, 25, 3, 158.39);
INSERT INTO order_items (order_item_id, order_id, product_id, quantity, unit_price) VALUES (35, 10, 26, 3, 14.81);
INSERT INTO order_items (order_item_id, order_id, product_id, quantity, unit_price) VALUES (36, 11, 50, 1, 66.21);
INSERT INTO order_items (order_item_id, order_id, product_id, quantity, unit_price) VALUES (37, 12, 41, 4, 170.68);
INSERT INTO order_items (order_item_id, order_id, product_id, quantity, unit_price) VALUES (38, 12, 24, 2, 73.44);
INSERT INTO order_items (order_item_id, order_id, product_id, quantity, unit_price) VALUES (39, 12, 33, 1, 155.68);
INSERT INTO order_items (order_item_id, order_id, product_id, quantity, unit_price) VALUES (40, 12, 54, 3, 227.97);
INSERT INTO order_items (order_item_id, order_id, product_id, quantity, unit_price) VALUES (41, 12, 25, 2, 158.39);
INSERT INTO order_items (order_item_id, order_id, product_id, quantity, unit_price) VALUES (42, 13, 49, 2, 24.21);
INSERT INTO order_items (order_item_id, order_id, product_id, quantity, unit_price) VALUES (43, 13, 5, 3, 160.07);
INSERT INTO order_items (order_item_id, order_id, product_id, quantity, unit_price) VALUES (44, 13, 53, 4, 169.03);
INSERT INTO order_items (order_item_id, order_id, product_id, quantity, unit_price) VALUES (45, 14, 43, 4, 95.07);
INSERT INTO order_items (order_item_id, order_id, product_id, quantity, unit_price) VALUES (46, 14, 49, 4, 24.21);
INSERT INTO order_items (order_item_id, order_id, product_id, quantity, unit_price) VALUES (47, 14, 37, 2, 118.31);
INSERT INTO order_items (order_item_id, order_id, product_id, quantity, unit_price) VALUES (48, 15, 56, 2, 188.39);
INSERT INTO order_items (order_item_id, order_id, product_id, quantity, unit_price) VALUES (49, 16, 60, 4, 164.61);
INSERT INTO order_items (order_item_id, order_id, product_id, quantity, unit_price) VALUES (50, 16, 27, 4, 72.8);
INSERT INTO order_items (order_item_id, order_id, product_id, quantity, unit_price) VALUES (51, 16, 57, 4, 182.43);
INSERT INTO order_items (order_item_id, order_id, product_id, quantity, unit_price) VALUES (52, 16, 53, 1, 169.03);
INSERT INTO order_items (order_item_id, order_id, product_id, quantity, unit_price) VALUES (53, 16, 44, 1, 7.41);
INSERT INTO order_items (order_item_id, order_id, product_id, quantity, unit_price) VALUES (54, 17, 39, 3, 185.42);
INSERT INTO order_items (order_item_id, order_id, product_id, quantity, unit_price) VALUES (55, 17, 43, 4, 95.07);
INSERT INTO order_items (order_item_id, order_id, product_id, quantity, unit_price) VALUES (56, 17, 28, 3, 68.03);
INSERT INTO order_items (order_item_id, order_id, product_id, quantity, unit_price) VALUES (57, 17, 22, 3, 31.28);
INSERT INTO order_items (order_item_id, order_id, product_id, quantity, unit_price) VALUES (58, 18, 39, 1, 185.42);
INSERT INTO order_items (order_item_id, order_id, product_id, quantity, unit_price) VALUES (59, 18, 6, 4, 243.73);
INSERT INTO order_items (order_item_id, order_id, product_id, quantity, unit_price) VALUES (60, 18, 1, 2, 97.32);
INSERT INTO order_items (order_item_id, order_id, product_id, quantity, unit_price) VALUES (61, 18, 50, 2, 66.21);
INSERT INTO order_items (order_item_id, order_id, product_id, quantity, unit_price) VALUES (62, 19, 37, 4, 118.31);
INSERT INTO order_items (order_item_id, order_id, product_id, quantity, unit_price) VALUES (63, 19, 23, 2, 185.36);
INSERT INTO order_items (order_item_id, order_id, product_id, quantity, unit_price) VALUES (64, 19, 4, 1, 67.12);
INSERT INTO order_items (order_item_id, order_id, product_id, quantity, unit_price) VALUES (65, 20, 27, 2, 72.8);
INSERT INTO order_items (order_item_id, order_id, product_id, quantity, unit_price) VALUES (66, 20, 59, 1, 146.32);
INSERT INTO order_items (order_item_id, order_id, product_id, quantity, unit_price) VALUES (67, 21, 13, 3, 165.77);
INSERT INTO order_items (order_item_id, order_id, product_id, quantity, unit_price) VALUES (68, 21, 29, 2, 244.63);
INSERT INTO order_items (order_item_id, order_id, product_id, quantity, unit_price) VALUES (69, 21, 27, 2, 72.8);
INSERT INTO order_items (order_item_id, order_id, product_id, quantity, unit_price) VALUES (70, 21, 12, 3, 98.2);
INSERT INTO order_items (order_item_id, order_id, product_id, quantity, unit_price) VALUES (71, 22, 41, 3, 170.68);
INSERT INTO order_items (order_item_id, order_id, product_id, quantity, unit_price) VALUES (72, 22, 58, 2, 59.62);
INSERT INTO order_items (order_item_id, order_id, product_id, quantity, unit_price) VALUES (73, 23, 32, 3, 120.58);
INSERT INTO order_items (order_item_id, order_id, product_id, quantity, unit_price) VALUES (74, 23, 15, 2, 20.07);
INSERT INTO order_items (order_item_id, order_id, product_id, quantity, unit_price) VALUES (75, 24, 38, 4, 24.22);
INSERT INTO order_items (order_item_id, order_id, product_id, quantity, unit_price) VALUES (76, 24, 4, 3, 67.12);
INSERT INTO order_items (order_item_id, order_id, product_id, quantity, unit_price) VALUES (77, 24, 43, 4, 95.07);
INSERT INTO order_items (order_item_id, order_id, product_id, quantity, unit_price) VALUES (78, 24, 15, 4, 20.07);
INSERT INTO order_items (order_item_id, order_id, product_id, quantity, unit_price) VALUES (79, 24, 5, 4, 160.07);
INSERT INTO order_items (order_item_id, order_id, product_id, quantity, unit_price) VALUES (80, 25, 54, 3, 227.97);
INSERT INTO order_items (order_item_id, order_id, product_id, quantity, unit_price) VALUES (81, 25, 18, 3, 8.21);
INSERT INTO order_items (order_item_id, order_id, product_id, quantity, unit_price) VALUES (82, 26, 4, 2, 67.12);
INSERT INTO order_items (order_item_id, order_id, product_id, quantity, unit_price) VALUES (83, 26, 33, 2, 155.68);
INSERT INTO order_items (order_item_id, order_id, product_id, quantity, unit_price) VALUES (84, 27, 16, 4, 52.83);
INSERT INTO order_items (order_item_id, order_id, product_id, quantity, unit_price) VALUES (85, 27, 45, 1, 142.51);
INSERT INTO order_items (order_item_id, order_id, product_id, quantity, unit_price) VALUES (86, 27, 52, 3, 221.51);
INSERT INTO order_items (order_item_id, order_id, product_id, quantity, unit_price) VALUES (87, 27, 35, 2, 122.72);
INSERT INTO order_items (order_item_id, order_id, product_id, quantity, unit_price) VALUES (88, 27, 3, 3, 140.3);
INSERT INTO order_items (order_item_id, order_id, product_id, quantity, unit_price) VALUES (89, 28, 56, 4, 188.39);
INSERT INTO order_items (order_item_id, order_id, product_id, quantity, unit_price) VALUES (90, 28, 2, 3, 212.25);
INSERT INTO order_items (order_item_id, order_id, product_id, quantity, unit_price) VALUES (91, 29, 14, 1, 175.23);
INSERT INTO order_items (order_item_id, order_id, product_id, quantity, unit_price) VALUES (92, 29, 33, 3, 155.68);
INSERT INTO order_items (order_item_id, order_id, product_id, quantity, unit_price) VALUES (93, 29, 60, 1, 164.61);
INSERT INTO order_items (order_item_id, order_id, product_id, quantity, unit_price) VALUES (94, 30, 17, 2, 23.49);
INSERT INTO order_items (order_item_id, order_id, product_id, quantity, unit_price) VALUES (95, 30, 6, 2, 243.73);
INSERT INTO order_items (order_item_id, order_id, product_id, quantity, unit_price) VALUES (96, 30, 4, 4, 67.12);
INSERT INTO order_items (order_item_id, order_id, product_id, quantity, unit_price) VALUES (97, 31, 51, 4, 232.99);
INSERT INTO order_items (order_item_id, order_id, product_id, quantity, unit_price) VALUES (98, 32, 54, 4, 227.97);
INSERT INTO order_items (order_item_id, order_id, product_id, quantity, unit_price) VALUES (99, 32, 60, 1, 164.61);
INSERT INTO order_items (order_item_id, order_id, product_id, quantity, unit_price) VALUES (100, 32, 15, 3, 20.07);
INSERT INTO order_items (order_item_id, order_id, product_id, quantity, unit_price) VALUES (101, 32, 4, 3, 67.12);
INSERT INTO order_items (order_item_id, order_id, product_id, quantity, unit_price) VALUES (102, 32, 6, 2, 243.73);
INSERT INTO order_items (order_item_id, order_id, product_id, quantity, unit_price) VALUES (103, 33, 51, 4, 232.99);
INSERT INTO order_items (order_item_id, order_id, product_id, quantity, unit_price) VALUES (104, 33, 12, 1, 98.2);
INSERT INTO order_items (order_item_id, order_id, product_id, quantity, unit_price) VALUES (105, 33, 44, 4, 7.41);
INSERT INTO order_items (order_item_id, order_id, product_id, quantity, unit_price) VALUES (106, 33, 31, 4, 217.08);
INSERT INTO order_items (order_item_id, order_id, product_id, quantity, unit_price) VALUES (107, 33, 46, 1, 53.29);
INSERT INTO order_items (order_item_id, order_id, product_id, quantity, unit_price) VALUES (108, 34, 53, 3, 169.03);
INSERT INTO order_items (order_item_id, order_id, product_id, quantity, unit_price) VALUES (109, 34, 17, 4, 23.49);
INSERT INTO order_items (order_item_id, order_id, product_id, quantity, unit_price) VALUES (110, 34, 24, 2, 73.44);
INSERT INTO order_items (order_item_id, order_id, product_id, quantity, unit_price) VALUES (111, 34, 60, 1, 164.61);
INSERT INTO order_items (order_item_id, order_id, product_id, quantity, unit_price) VALUES (112, 35, 7, 3, 62.79);
INSERT INTO order_items (order_item_id, order_id, product_id, quantity, unit_price) VALUES (113, 36, 28, 4, 68.03);
INSERT INTO order_items (order_item_id, order_id, product_id, quantity, unit_price) VALUES (114, 36, 16, 4, 52.83);
INSERT INTO order_items (order_item_id, order_id, product_id, quantity, unit_price) VALUES (115, 36, 25, 1, 158.39);
INSERT INTO order_items (order_item_id, order_id, product_id, quantity, unit_price) VALUES (116, 36, 37, 4, 118.31);
INSERT INTO order_items (order_item_id, order_id, product_id, quantity, unit_price) VALUES (117, 36, 27, 2, 72.8);
INSERT INTO order_items (order_item_id, order_id, product_id, quantity, unit_price) VALUES (118, 37, 7, 1, 62.79);
INSERT INTO order_items (order_item_id, order_id, product_id, quantity, unit_price) VALUES (119, 37, 2, 2, 212.25);
INSERT INTO order_items (order_item_id, order_id, product_id, quantity, unit_price) VALUES (120, 37, 24, 2, 73.44);
INSERT INTO order_items (order_item_id, order_id, product_id, quantity, unit_price) VALUES (121, 37, 59, 2, 146.32);
INSERT INTO order_items (order_item_id, order_id, product_id, quantity, unit_price) VALUES (122, 37, 9, 2, 163.02);
INSERT INTO order_items (order_item_id, order_id, product_id, quantity, unit_price) VALUES (123, 38, 45, 4, 142.51);
INSERT INTO order_items (order_item_id, order_id, product_id, quantity, unit_price) VALUES (124, 38, 57, 1, 182.43);
INSERT INTO order_items (order_item_id, order_id, product_id, quantity, unit_price) VALUES (125, 38, 49, 1, 24.21);
INSERT INTO order_items (order_item_id, order_id, product_id, quantity, unit_price) VALUES (126, 39, 55, 2, 238.15);
INSERT INTO order_items (order_item_id, order_id, product_id, quantity, unit_price) VALUES (127, 40, 11, 1, 34.64);
INSERT INTO order_items (order_item_id, order_id, product_id, quantity, unit_price) VALUES (128, 40, 55, 2, 238.15);
INSERT INTO order_items (order_item_id, order_id, product_id, quantity, unit_price) VALUES (129, 41, 18, 3, 8.21);
INSERT INTO order_items (order_item_id, order_id, product_id, quantity, unit_price) VALUES (130, 41, 30, 4, 208.8);
INSERT INTO order_items (order_item_id, order_id, product_id, quantity, unit_price) VALUES (131, 41, 38, 3, 24.22);
INSERT INTO order_items (order_item_id, order_id, product_id, quantity, unit_price) VALUES (132, 41, 50, 2, 66.21);
INSERT INTO order_items (order_item_id, order_id, product_id, quantity, unit_price) VALUES (133, 41, 5, 3, 160.07);
INSERT INTO order_items (order_item_id, order_id, product_id, quantity, unit_price) VALUES (134, 42, 17, 4, 23.49);
INSERT INTO order_items (order_item_id, order_id, product_id, quantity, unit_price) VALUES (135, 43, 52, 2, 221.51);
INSERT INTO order_items (order_item_id, order_id, product_id, quantity, unit_price) VALUES (136, 44, 29, 4, 244.63);
INSERT INTO order_items (order_item_id, order_id, product_id, quantity, unit_price) VALUES (137, 44, 51, 4, 232.99);
INSERT INTO order_items (order_item_id, order_id, product_id, quantity, unit_price) VALUES (138, 44, 42, 3, 81.02);
INSERT INTO order_items (order_item_id, order_id, product_id, quantity, unit_price) VALUES (139, 44, 37, 1, 118.31);
INSERT INTO order_items (order_item_id, order_id, product_id, quantity, unit_price) VALUES (140, 45, 13, 4, 165.77);
INSERT INTO order_items (order_item_id, order_id, product_id, quantity, unit_price) VALUES (141, 45, 51, 3, 232.99);
INSERT INTO order_items (order_item_id, order_id, product_id, quantity, unit_price) VALUES (142, 45, 2, 4, 212.25);
INSERT INTO order_items (order_item_id, order_id, product_id, quantity, unit_price) VALUES (143, 45, 46, 3, 53.29);
INSERT INTO order_items (order_item_id, order_id, product_id, quantity, unit_price) VALUES (144, 45, 10, 1, 12.77);
INSERT INTO order_items (order_item_id, order_id, product_id, quantity, unit_price) VALUES (145, 46, 50, 4, 66.21);
INSERT INTO order_items (order_item_id, order_id, product_id, quantity, unit_price) VALUES (146, 47, 1, 2, 97.32);
INSERT INTO order_items (order_item_id, order_id, product_id, quantity, unit_price) VALUES (147, 47, 51, 3, 232.99);
INSERT INTO order_items (order_item_id, order_id, product_id, quantity, unit_price) VALUES (148, 47, 24, 3, 73.44);
INSERT INTO order_items (order_item_id, order_id, product_id, quantity, unit_price) VALUES (149, 47, 47, 1, 141.48);
INSERT INTO order_items (order_item_id, order_id, product_id, quantity, unit_price) VALUES (150, 47, 9, 3, 163.02);
INSERT INTO order_items (order_item_id, order_id, product_id, quantity, unit_price) VALUES (151, 48, 2, 3, 212.25);
INSERT INTO order_items (order_item_id, order_id, product_id, quantity, unit_price) VALUES (152, 48, 30, 4, 208.8);
INSERT INTO order_items (order_item_id, order_id, product_id, quantity, unit_price) VALUES (153, 48, 22, 3, 31.28);
INSERT INTO order_items (order_item_id, order_id, product_id, quantity, unit_price) VALUES (154, 49, 3, 3, 140.3);
INSERT INTO order_items (order_item_id, order_id, product_id, quantity, unit_price) VALUES (155, 49, 20, 4, 200.32);
INSERT INTO order_items (order_item_id, order_id, product_id, quantity, unit_price) VALUES (156, 49, 6, 1, 243.73);
INSERT INTO order_items (order_item_id, order_id, product_id, quantity, unit_price) VALUES (157, 49, 59, 4, 146.32);
INSERT INTO order_items (order_item_id, order_id, product_id, quantity, unit_price) VALUES (158, 49, 49, 4, 24.21);
INSERT INTO order_items (order_item_id, order_id, product_id, quantity, unit_price) VALUES (159, 50, 43, 1, 95.07);
INSERT INTO order_items (order_item_id, order_id, product_id, quantity, unit_price) VALUES (160, 50, 34, 4, 6.47);
INSERT INTO order_items (order_item_id, order_id, product_id, quantity, unit_price) VALUES (161, 51, 2, 3, 212.25);
INSERT INTO order_items (order_item_id, order_id, product_id, quantity, unit_price) VALUES (162, 51, 30, 3, 208.8);
INSERT INTO order_items (order_item_id, order_id, product_id, quantity, unit_price) VALUES (163, 52, 23, 3, 185.36);
INSERT INTO order_items (order_item_id, order_id, product_id, quantity, unit_price) VALUES (164, 52, 12, 2, 98.2);
INSERT INTO order_items (order_item_id, order_id, product_id, quantity, unit_price) VALUES (165, 53, 52, 3, 221.51);
INSERT INTO order_items (order_item_id, order_id, product_id, quantity, unit_price) VALUES (166, 53, 39, 2, 185.42);
INSERT INTO order_items (order_item_id, order_id, product_id, quantity, unit_price) VALUES (167, 53, 29, 3, 244.63);
INSERT INTO order_items (order_item_id, order_id, product_id, quantity, unit_price) VALUES (168, 53, 17, 4, 23.49);
INSERT INTO order_items (order_item_id, order_id, product_id, quantity, unit_price) VALUES (169, 54, 22, 4, 31.28);
INSERT INTO order_items (order_item_id, order_id, product_id, quantity, unit_price) VALUES (170, 55, 29, 4, 244.63);
INSERT INTO order_items (order_item_id, order_id, product_id, quantity, unit_price) VALUES (171, 55, 16, 3, 52.83);
INSERT INTO order_items (order_item_id, order_id, product_id, quantity, unit_price) VALUES (172, 56, 8, 3, 136.07);
INSERT INTO order_items (order_item_id, order_id, product_id, quantity, unit_price) VALUES (173, 56, 34, 1, 6.47);
INSERT INTO order_items (order_item_id, order_id, product_id, quantity, unit_price) VALUES (174, 56, 7, 4, 62.79);
INSERT INTO order_items (order_item_id, order_id, product_id, quantity, unit_price) VALUES (175, 57, 34, 1, 6.47);
INSERT INTO order_items (order_item_id, order_id, product_id, quantity, unit_price) VALUES (176, 57, 9, 3, 163.02);
INSERT INTO order_items (order_item_id, order_id, product_id, quantity, unit_price) VALUES (177, 57, 31, 4, 217.08);
INSERT INTO order_items (order_item_id, order_id, product_id, quantity, unit_price) VALUES (178, 58, 14, 3, 175.23);
INSERT INTO order_items (order_item_id, order_id, product_id, quantity, unit_price) VALUES (179, 58, 30, 3, 208.8);
INSERT INTO order_items (order_item_id, order_id, product_id, quantity, unit_price) VALUES (180, 59, 4, 4, 67.12);
INSERT INTO order_items (order_item_id, order_id, product_id, quantity, unit_price) VALUES (181, 59, 49, 1, 24.21);
INSERT INTO order_items (order_item_id, order_id, product_id, quantity, unit_price) VALUES (182, 59, 8, 2, 136.07);
INSERT INTO order_items (order_item_id, order_id, product_id, quantity, unit_price) VALUES (183, 59, 18, 1, 8.21);
INSERT INTO order_items (order_item_id, order_id, product_id, quantity, unit_price) VALUES (184, 60, 20, 1, 200.32);
INSERT INTO order_items (order_item_id, order_id, product_id, quantity, unit_price) VALUES (185, 60, 34, 4, 6.47);
INSERT INTO order_items (order_item_id, order_id, product_id, quantity, unit_price) VALUES (186, 60, 33, 3, 155.68);
INSERT INTO order_items (order_item_id, order_id, product_id, quantity, unit_price) VALUES (187, 60, 60, 3, 164.61);
INSERT INTO order_items (order_item_id, order_id, product_id, quantity, unit_price) VALUES (188, 61, 40, 1, 4.46);
INSERT INTO order_items (order_item_id, order_id, product_id, quantity, unit_price) VALUES (189, 61, 16, 3, 52.83);
INSERT INTO order_items (order_item_id, order_id, product_id, quantity, unit_price) VALUES (190, 61, 24, 1, 73.44);
INSERT INTO order_items (order_item_id, order_id, product_id, quantity, unit_price) VALUES (191, 61, 45, 4, 142.51);
INSERT INTO order_items (order_item_id, order_id, product_id, quantity, unit_price) VALUES (192, 61, 14, 4, 175.23);
INSERT INTO order_items (order_item_id, order_id, product_id, quantity, unit_price) VALUES (193, 62, 56, 4, 188.39);
INSERT INTO order_items (order_item_id, order_id, product_id, quantity, unit_price) VALUES (194, 63, 23, 2, 185.36);
INSERT INTO order_items (order_item_id, order_id, product_id, quantity, unit_price) VALUES (195, 64, 56, 2, 188.39);
INSERT INTO order_items (order_item_id, order_id, product_id, quantity, unit_price) VALUES (196, 64, 6, 3, 243.73);
INSERT INTO order_items (order_item_id, order_id, product_id, quantity, unit_price) VALUES (197, 64, 50, 3, 66.21);
INSERT INTO order_items (order_item_id, order_id, product_id, quantity, unit_price) VALUES (198, 64, 23, 3, 185.36);
INSERT INTO order_items (order_item_id, order_id, product_id, quantity, unit_price) VALUES (199, 65, 13, 4, 165.77);
INSERT INTO order_items (order_item_id, order_id, product_id, quantity, unit_price) VALUES (200, 65, 4, 1, 67.12);
INSERT INTO order_items (order_item_id, order_id, product_id, quantity, unit_price) VALUES (201, 66, 20, 1, 200.32);
INSERT INTO order_items (order_item_id, order_id, product_id, quantity, unit_price) VALUES (202, 66, 1, 4, 97.32);
INSERT INTO order_items (order_item_id, order_id, product_id, quantity, unit_price) VALUES (203, 66, 6, 3, 243.73);
INSERT INTO order_items (order_item_id, order_id, product_id, quantity, unit_price) VALUES (204, 66, 48, 3, 130.44);
INSERT INTO order_items (order_item_id, order_id, product_id, quantity, unit_price) VALUES (205, 67, 34, 1, 6.47);
INSERT INTO order_items (order_item_id, order_id, product_id, quantity, unit_price) VALUES (206, 67, 50, 4, 66.21);
INSERT INTO order_items (order_item_id, order_id, product_id, quantity, unit_price) VALUES (207, 67, 17, 3, 23.49);
INSERT INTO order_items (order_item_id, order_id, product_id, quantity, unit_price) VALUES (208, 67, 3, 3, 140.3);
INSERT INTO order_items (order_item_id, order_id, product_id, quantity, unit_price) VALUES (209, 67, 60, 1, 164.61);
INSERT INTO order_items (order_item_id, order_id, product_id, quantity, unit_price) VALUES (210, 68, 17, 1, 23.49);
INSERT INTO order_items (order_item_id, order_id, product_id, quantity, unit_price) VALUES (211, 68, 29, 2, 244.63);
INSERT INTO order_items (order_item_id, order_id, product_id, quantity, unit_price) VALUES (212, 68, 30, 1, 208.8);
INSERT INTO order_items (order_item_id, order_id, product_id, quantity, unit_price) VALUES (213, 68, 34, 1, 6.47);
INSERT INTO order_items (order_item_id, order_id, product_id, quantity, unit_price) VALUES (214, 69, 16, 3, 52.83);
INSERT INTO order_items (order_item_id, order_id, product_id, quantity, unit_price) VALUES (215, 69, 45, 4, 142.51);
INSERT INTO order_items (order_item_id, order_id, product_id, quantity, unit_price) VALUES (216, 69, 21, 3, 17.12);
INSERT INTO order_items (order_item_id, order_id, product_id, quantity, unit_price) VALUES (217, 70, 1, 2, 97.32);
INSERT INTO order_items (order_item_id, order_id, product_id, quantity, unit_price) VALUES (218, 70, 31, 4, 217.08);
INSERT INTO order_items (order_item_id, order_id, product_id, quantity, unit_price) VALUES (219, 71, 34, 4, 6.47);
INSERT INTO order_items (order_item_id, order_id, product_id, quantity, unit_price) VALUES (220, 71, 53, 4, 169.03);
INSERT INTO order_items (order_item_id, order_id, product_id, quantity, unit_price) VALUES (221, 71, 35, 2, 122.72);
INSERT INTO order_items (order_item_id, order_id, product_id, quantity, unit_price) VALUES (222, 72, 25, 1, 158.39);
INSERT INTO order_items (order_item_id, order_id, product_id, quantity, unit_price) VALUES (223, 72, 10, 2, 12.77);
INSERT INTO order_items (order_item_id, order_id, product_id, quantity, unit_price) VALUES (224, 72, 36, 4, 111.77);
INSERT INTO order_items (order_item_id, order_id, product_id, quantity, unit_price) VALUES (225, 72, 48, 1, 130.44);
INSERT INTO order_items (order_item_id, order_id, product_id, quantity, unit_price) VALUES (226, 73, 32, 1, 120.58);
INSERT INTO order_items (order_item_id, order_id, product_id, quantity, unit_price) VALUES (227, 73, 47, 1, 141.48);
INSERT INTO order_items (order_item_id, order_id, product_id, quantity, unit_price) VALUES (228, 73, 60, 4, 164.61);
INSERT INTO order_items (order_item_id, order_id, product_id, quantity, unit_price) VALUES (229, 74, 26, 1, 14.81);
INSERT INTO order_items (order_item_id, order_id, product_id, quantity, unit_price) VALUES (230, 74, 58, 2, 59.62);
INSERT INTO order_items (order_item_id, order_id, product_id, quantity, unit_price) VALUES (231, 74, 32, 2, 120.58);
INSERT INTO order_items (order_item_id, order_id, product_id, quantity, unit_price) VALUES (232, 75, 26, 2, 14.81);
INSERT INTO order_items (order_item_id, order_id, product_id, quantity, unit_price) VALUES (233, 75, 48, 2, 130.44);
INSERT INTO order_items (order_item_id, order_id, product_id, quantity, unit_price) VALUES (234, 76, 59, 1, 146.32);
INSERT INTO order_items (order_item_id, order_id, product_id, quantity, unit_price) VALUES (235, 76, 41, 2, 170.68);
INSERT INTO order_items (order_item_id, order_id, product_id, quantity, unit_price) VALUES (236, 77, 37, 3, 118.31);
INSERT INTO order_items (order_item_id, order_id, product_id, quantity, unit_price) VALUES (237, 77, 11, 4, 34.64);
INSERT INTO order_items (order_item_id, order_id, product_id, quantity, unit_price) VALUES (238, 77, 51, 1, 232.99);
INSERT INTO order_items (order_item_id, order_id, product_id, quantity, unit_price) VALUES (239, 78, 10, 3, 12.77);
INSERT INTO order_items (order_item_id, order_id, product_id, quantity, unit_price) VALUES (240, 78, 43, 2, 95.07);
INSERT INTO order_items (order_item_id, order_id, product_id, quantity, unit_price) VALUES (241, 79, 30, 4, 208.8);
INSERT INTO order_items (order_item_id, order_id, product_id, quantity, unit_price) VALUES (242, 79, 6, 1, 243.73);
INSERT INTO order_items (order_item_id, order_id, product_id, quantity, unit_price) VALUES (243, 79, 26, 2, 14.81);
INSERT INTO order_items (order_item_id, order_id, product_id, quantity, unit_price) VALUES (244, 80, 52, 4, 221.51);
INSERT INTO order_items (order_item_id, order_id, product_id, quantity, unit_price) VALUES (245, 80, 50, 1, 66.21);
INSERT INTO order_items (order_item_id, order_id, product_id, quantity, unit_price) VALUES (246, 81, 40, 2, 4.46);
INSERT INTO order_items (order_item_id, order_id, product_id, quantity, unit_price) VALUES (247, 81, 9, 1, 163.02);
INSERT INTO order_items (order_item_id, order_id, product_id, quantity, unit_price) VALUES (248, 81, 13, 1, 165.77);
INSERT INTO order_items (order_item_id, order_id, product_id, quantity, unit_price) VALUES (249, 81, 48, 3, 130.44);
INSERT INTO order_items (order_item_id, order_id, product_id, quantity, unit_price) VALUES (250, 82, 5, 3, 160.07);
INSERT INTO order_items (order_item_id, order_id, product_id, quantity, unit_price) VALUES (251, 82, 29, 2, 244.63);
INSERT INTO order_items (order_item_id, order_id, product_id, quantity, unit_price) VALUES (252, 82, 34, 3, 6.47);
INSERT INTO order_items (order_item_id, order_id, product_id, quantity, unit_price) VALUES (253, 82, 48, 2, 130.44);
INSERT INTO order_items (order_item_id, order_id, product_id, quantity, unit_price) VALUES (254, 83, 8, 1, 136.07);
INSERT INTO order_items (order_item_id, order_id, product_id, quantity, unit_price) VALUES (255, 83, 7, 1, 62.79);
INSERT INTO order_items (order_item_id, order_id, product_id, quantity, unit_price) VALUES (256, 84, 6, 2, 243.73);
INSERT INTO order_items (order_item_id, order_id, product_id, quantity, unit_price) VALUES (257, 84, 48, 2, 130.44);
INSERT INTO order_items (order_item_id, order_id, product_id, quantity, unit_price) VALUES (258, 85, 42, 2, 81.02);
INSERT INTO order_items (order_item_id, order_id, product_id, quantity, unit_price) VALUES (259, 85, 19, 1, 209.43);
INSERT INTO order_items (order_item_id, order_id, product_id, quantity, unit_price) VALUES (260, 86, 58, 1, 59.62);
INSERT INTO order_items (order_item_id, order_id, product_id, quantity, unit_price) VALUES (261, 86, 46, 1, 53.29);
INSERT INTO order_items (order_item_id, order_id, product_id, quantity, unit_price) VALUES (262, 86, 29, 1, 244.63);
INSERT INTO order_items (order_item_id, order_id, product_id, quantity, unit_price) VALUES (263, 86, 31, 4, 217.08);
INSERT INTO order_items (order_item_id, order_id, product_id, quantity, unit_price) VALUES (264, 86, 49, 4, 24.21);
INSERT INTO order_items (order_item_id, order_id, product_id, quantity, unit_price) VALUES (265, 87, 5, 3, 160.07);
INSERT INTO order_items (order_item_id, order_id, product_id, quantity, unit_price) VALUES (266, 87, 52, 3, 221.51);
INSERT INTO order_items (order_item_id, order_id, product_id, quantity, unit_price) VALUES (267, 87, 13, 3, 165.77);
INSERT INTO order_items (order_item_id, order_id, product_id, quantity, unit_price) VALUES (268, 87, 33, 2, 155.68);
INSERT INTO order_items (order_item_id, order_id, product_id, quantity, unit_price) VALUES (269, 88, 57, 2, 182.43);
INSERT INTO order_items (order_item_id, order_id, product_id, quantity, unit_price) VALUES (270, 88, 20, 1, 200.32);
INSERT INTO order_items (order_item_id, order_id, product_id, quantity, unit_price) VALUES (271, 88, 18, 1, 8.21);
INSERT INTO order_items (order_item_id, order_id, product_id, quantity, unit_price) VALUES (272, 89, 5, 2, 160.07);
INSERT INTO order_items (order_item_id, order_id, product_id, quantity, unit_price) VALUES (273, 89, 15, 1, 20.07);
INSERT INTO order_items (order_item_id, order_id, product_id, quantity, unit_price) VALUES (274, 89, 41, 1, 170.68);
INSERT INTO order_items (order_item_id, order_id, product_id, quantity, unit_price) VALUES (275, 90, 35, 1, 122.72);
INSERT INTO order_items (order_item_id, order_id, product_id, quantity, unit_price) VALUES (276, 90, 44, 2, 7.41);
INSERT INTO order_items (order_item_id, order_id, product_id, quantity, unit_price) VALUES (277, 90, 41, 1, 170.68);
INSERT INTO order_items (order_item_id, order_id, product_id, quantity, unit_price) VALUES (278, 91, 14, 2, 175.23);
INSERT INTO order_items (order_item_id, order_id, product_id, quantity, unit_price) VALUES (279, 91, 5, 2, 160.07);
INSERT INTO order_items (order_item_id, order_id, product_id, quantity, unit_price) VALUES (280, 91, 34, 2, 6.47);
INSERT INTO order_items (order_item_id, order_id, product_id, quantity, unit_price) VALUES (281, 91, 55, 2, 238.15);
INSERT INTO order_items (order_item_id, order_id, product_id, quantity, unit_price) VALUES (282, 91, 12, 3, 98.2);
INSERT INTO order_items (order_item_id, order_id, product_id, quantity, unit_price) VALUES (283, 92, 21, 3, 17.12);
INSERT INTO order_items (order_item_id, order_id, product_id, quantity, unit_price) VALUES (284, 92, 27, 2, 72.8);
INSERT INTO order_items (order_item_id, order_id, product_id, quantity, unit_price) VALUES (285, 92, 48, 1, 130.44);
INSERT INTO order_items (order_item_id, order_id, product_id, quantity, unit_price) VALUES (286, 92, 28, 3, 68.03);
INSERT INTO order_items (order_item_id, order_id, product_id, quantity, unit_price) VALUES (287, 92, 51, 4, 232.99);
INSERT INTO order_items (order_item_id, order_id, product_id, quantity, unit_price) VALUES (288, 93, 39, 1, 185.42);
INSERT INTO order_items (order_item_id, order_id, product_id, quantity, unit_price) VALUES (289, 93, 54, 1, 227.97);
INSERT INTO order_items (order_item_id, order_id, product_id, quantity, unit_price) VALUES (290, 93, 53, 1, 169.03);
INSERT INTO order_items (order_item_id, order_id, product_id, quantity, unit_price) VALUES (291, 93, 37, 2, 118.31);
INSERT INTO order_items (order_item_id, order_id, product_id, quantity, unit_price) VALUES (292, 93, 3, 1, 140.3);
INSERT INTO order_items (order_item_id, order_id, product_id, quantity, unit_price) VALUES (293, 94, 52, 2, 221.51);
INSERT INTO order_items (order_item_id, order_id, product_id, quantity, unit_price) VALUES (294, 94, 40, 2, 4.46);
INSERT INTO order_items (order_item_id, order_id, product_id, quantity, unit_price) VALUES (295, 94, 46, 2, 53.29);
INSERT INTO order_items (order_item_id, order_id, product_id, quantity, unit_price) VALUES (296, 94, 54, 2, 227.97);
INSERT INTO order_items (order_item_id, order_id, product_id, quantity, unit_price) VALUES (297, 95, 38, 1, 24.22);
INSERT INTO order_items (order_item_id, order_id, product_id, quantity, unit_price) VALUES (298, 95, 13, 2, 165.77);
INSERT INTO order_items (order_item_id, order_id, product_id, quantity, unit_price) VALUES (299, 95, 29, 2, 244.63);
INSERT INTO order_items (order_item_id, order_id, product_id, quantity, unit_price) VALUES (300, 95, 41, 4, 170.68);
INSERT INTO order_items (order_item_id, order_id, product_id, quantity, unit_price) VALUES (301, 96, 44, 2, 7.41);
INSERT INTO order_items (order_item_id, order_id, product_id, quantity, unit_price) VALUES (302, 96, 5, 3, 160.07);
INSERT INTO order_items (order_item_id, order_id, product_id, quantity, unit_price) VALUES (303, 96, 19, 4, 209.43);
INSERT INTO order_items (order_item_id, order_id, product_id, quantity, unit_price) VALUES (304, 96, 60, 4, 164.61);
INSERT INTO order_items (order_item_id, order_id, product_id, quantity, unit_price) VALUES (305, 96, 30, 2, 208.8);
INSERT INTO order_items (order_item_id, order_id, product_id, quantity, unit_price) VALUES (306, 97, 53, 3, 169.03);
INSERT INTO order_items (order_item_id, order_id, product_id, quantity, unit_price) VALUES (307, 97, 39, 4, 185.42);
INSERT INTO order_items (order_item_id, order_id, product_id, quantity, unit_price) VALUES (308, 97, 51, 3, 232.99);
INSERT INTO order_items (order_item_id, order_id, product_id, quantity, unit_price) VALUES (309, 97, 42, 3, 81.02);
INSERT INTO order_items (order_item_id, order_id, product_id, quantity, unit_price) VALUES (310, 98, 52, 2, 221.51);
INSERT INTO order_items (order_item_id, order_id, product_id, quantity, unit_price) VALUES (311, 99, 44, 2, 7.41);
INSERT INTO order_items (order_item_id, order_id, product_id, quantity, unit_price) VALUES (312, 99, 45, 2, 142.51);
INSERT INTO order_items (order_item_id, order_id, product_id, quantity, unit_price) VALUES (313, 99, 30, 1, 208.8);
INSERT INTO order_items (order_item_id, order_id, product_id, quantity, unit_price) VALUES (314, 99, 17, 2, 23.49);
INSERT INTO order_items (order_item_id, order_id, product_id, quantity, unit_price) VALUES (315, 100, 38, 2, 24.22);
INSERT INTO order_items (order_item_id, order_id, product_id, quantity, unit_price) VALUES (316, 101, 43, 3, 95.07);
INSERT INTO order_items (order_item_id, order_id, product_id, quantity, unit_price) VALUES (317, 101, 21, 2, 17.12);
INSERT INTO order_items (order_item_id, order_id, product_id, quantity, unit_price) VALUES (318, 101, 11, 4, 34.64);
INSERT INTO order_items (order_item_id, order_id, product_id, quantity, unit_price) VALUES (319, 102, 54, 3, 227.97);
INSERT INTO order_items (order_item_id, order_id, product_id, quantity, unit_price) VALUES (320, 102, 1, 3, 97.32);
INSERT INTO order_items (order_item_id, order_id, product_id, quantity, unit_price) VALUES (321, 102, 53, 1, 169.03);
INSERT INTO order_items (order_item_id, order_id, product_id, quantity, unit_price) VALUES (322, 102, 24, 3, 73.44);
INSERT INTO order_items (order_item_id, order_id, product_id, quantity, unit_price) VALUES (323, 102, 22, 4, 31.28);
INSERT INTO order_items (order_item_id, order_id, product_id, quantity, unit_price) VALUES (324, 103, 21, 3, 17.12);
INSERT INTO order_items (order_item_id, order_id, product_id, quantity, unit_price) VALUES (325, 103, 56, 2, 188.39);
INSERT INTO order_items (order_item_id, order_id, product_id, quantity, unit_price) VALUES (326, 103, 51, 1, 232.99);
INSERT INTO order_items (order_item_id, order_id, product_id, quantity, unit_price) VALUES (327, 103, 59, 3, 146.32);
INSERT INTO order_items (order_item_id, order_id, product_id, quantity, unit_price) VALUES (328, 104, 28, 1, 68.03);
INSERT INTO order_items (order_item_id, order_id, product_id, quantity, unit_price) VALUES (329, 104, 44, 1, 7.41);
INSERT INTO order_items (order_item_id, order_id, product_id, quantity, unit_price) VALUES (330, 104, 23, 1, 185.36);
INSERT INTO order_items (order_item_id, order_id, product_id, quantity, unit_price) VALUES (331, 105, 41, 3, 170.68);
INSERT INTO order_items (order_item_id, order_id, product_id, quantity, unit_price) VALUES (332, 105, 59, 4, 146.32);
INSERT INTO order_items (order_item_id, order_id, product_id, quantity, unit_price) VALUES (333, 105, 25, 4, 158.39);
INSERT INTO order_items (order_item_id, order_id, product_id, quantity, unit_price) VALUES (334, 106, 55, 3, 238.15);
INSERT INTO order_items (order_item_id, order_id, product_id, quantity, unit_price) VALUES (335, 106, 17, 2, 23.49);
INSERT INTO order_items (order_item_id, order_id, product_id, quantity, unit_price) VALUES (336, 106, 60, 2, 164.61);
INSERT INTO order_items (order_item_id, order_id, product_id, quantity, unit_price) VALUES (337, 107, 59, 2, 146.32);
INSERT INTO order_items (order_item_id, order_id, product_id, quantity, unit_price) VALUES (338, 107, 32, 2, 120.58);
INSERT INTO order_items (order_item_id, order_id, product_id, quantity, unit_price) VALUES (339, 107, 52, 1, 221.51);
INSERT INTO order_items (order_item_id, order_id, product_id, quantity, unit_price) VALUES (340, 107, 34, 2, 6.47);
INSERT INTO order_items (order_item_id, order_id, product_id, quantity, unit_price) VALUES (341, 107, 11, 2, 34.64);
INSERT INTO order_items (order_item_id, order_id, product_id, quantity, unit_price) VALUES (342, 108, 32, 1, 120.58);
INSERT INTO order_items (order_item_id, order_id, product_id, quantity, unit_price) VALUES (343, 108, 19, 4, 209.43);
INSERT INTO order_items (order_item_id, order_id, product_id, quantity, unit_price) VALUES (344, 108, 42, 3, 81.02);
INSERT INTO order_items (order_item_id, order_id, product_id, quantity, unit_price) VALUES (345, 108, 21, 3, 17.12);
INSERT INTO order_items (order_item_id, order_id, product_id, quantity, unit_price) VALUES (346, 109, 27, 1, 72.8);
INSERT INTO order_items (order_item_id, order_id, product_id, quantity, unit_price) VALUES (347, 110, 29, 1, 244.63);
INSERT INTO order_items (order_item_id, order_id, product_id, quantity, unit_price) VALUES (348, 111, 2, 1, 212.25);
INSERT INTO order_items (order_item_id, order_id, product_id, quantity, unit_price) VALUES (349, 112, 41, 3, 170.68);
INSERT INTO order_items (order_item_id, order_id, product_id, quantity, unit_price) VALUES (350, 113, 52, 3, 221.51);
INSERT INTO order_items (order_item_id, order_id, product_id, quantity, unit_price) VALUES (351, 114, 46, 3, 53.29);
INSERT INTO order_items (order_item_id, order_id, product_id, quantity, unit_price) VALUES (352, 115, 45, 4, 142.51);
INSERT INTO order_items (order_item_id, order_id, product_id, quantity, unit_price) VALUES (353, 116, 51, 1, 232.99);
INSERT INTO order_items (order_item_id, order_id, product_id, quantity, unit_price) VALUES (354, 116, 28, 4, 68.03);
INSERT INTO order_items (order_item_id, order_id, product_id, quantity, unit_price) VALUES (355, 117, 10, 2, 12.77);
INSERT INTO order_items (order_item_id, order_id, product_id, quantity, unit_price) VALUES (356, 118, 34, 3, 6.47);
INSERT INTO order_items (order_item_id, order_id, product_id, quantity, unit_price) VALUES (357, 118, 35, 3, 122.72);
INSERT INTO order_items (order_item_id, order_id, product_id, quantity, unit_price) VALUES (358, 118, 47, 4, 141.48);
INSERT INTO order_items (order_item_id, order_id, product_id, quantity, unit_price) VALUES (359, 119, 51, 1, 232.99);
INSERT INTO order_items (order_item_id, order_id, product_id, quantity, unit_price) VALUES (360, 119, 17, 3, 23.49);
INSERT INTO order_items (order_item_id, order_id, product_id, quantity, unit_price) VALUES (361, 120, 32, 2, 120.58);
INSERT INTO order_items (order_item_id, order_id, product_id, quantity, unit_price) VALUES (362, 120, 3, 3, 140.3);
INSERT INTO order_items (order_item_id, order_id, product_id, quantity, unit_price) VALUES (363, 121, 31, 4, 217.08);
INSERT INTO order_items (order_item_id, order_id, product_id, quantity, unit_price) VALUES (364, 122, 56, 1, 188.39);
INSERT INTO order_items (order_item_id, order_id, product_id, quantity, unit_price) VALUES (365, 123, 51, 3, 232.99);
INSERT INTO order_items (order_item_id, order_id, product_id, quantity, unit_price) VALUES (366, 124, 14, 3, 175.23);
INSERT INTO order_items (order_item_id, order_id, product_id, quantity, unit_price) VALUES (367, 124, 42, 4, 81.02);
INSERT INTO order_items (order_item_id, order_id, product_id, quantity, unit_price) VALUES (368, 124, 32, 3, 120.58);
INSERT INTO order_items (order_item_id, order_id, product_id, quantity, unit_price) VALUES (369, 124, 54, 4, 227.97);
INSERT INTO order_items (order_item_id, order_id, product_id, quantity, unit_price) VALUES (370, 125, 16, 4, 52.83);
INSERT INTO order_items (order_item_id, order_id, product_id, quantity, unit_price) VALUES (371, 125, 32, 1, 120.58);
INSERT INTO order_items (order_item_id, order_id, product_id, quantity, unit_price) VALUES (372, 126, 14, 3, 175.23);
INSERT INTO order_items (order_item_id, order_id, product_id, quantity, unit_price) VALUES (373, 127, 22, 3, 31.28);
INSERT INTO order_items (order_item_id, order_id, product_id, quantity, unit_price) VALUES (374, 127, 42, 3, 81.02);
INSERT INTO order_items (order_item_id, order_id, product_id, quantity, unit_price) VALUES (375, 128, 13, 3, 165.77);
INSERT INTO order_items (order_item_id, order_id, product_id, quantity, unit_price) VALUES (376, 128, 45, 4, 142.51);
INSERT INTO order_items (order_item_id, order_id, product_id, quantity, unit_price) VALUES (377, 128, 12, 3, 98.2);
INSERT INTO order_items (order_item_id, order_id, product_id, quantity, unit_price) VALUES (378, 129, 30, 1, 208.8);
INSERT INTO order_items (order_item_id, order_id, product_id, quantity, unit_price) VALUES (379, 129, 6, 4, 243.73);
INSERT INTO order_items (order_item_id, order_id, product_id, quantity, unit_price) VALUES (380, 129, 55, 4, 238.15);
INSERT INTO order_items (order_item_id, order_id, product_id, quantity, unit_price) VALUES (381, 130, 54, 2, 227.97);
INSERT INTO order_items (order_item_id, order_id, product_id, quantity, unit_price) VALUES (382, 130, 4, 1, 67.12);
INSERT INTO order_items (order_item_id, order_id, product_id, quantity, unit_price) VALUES (383, 130, 30, 2, 208.8);
INSERT INTO order_items (order_item_id, order_id, product_id, quantity, unit_price) VALUES (384, 130, 26, 4, 14.81);
INSERT INTO order_items (order_item_id, order_id, product_id, quantity, unit_price) VALUES (385, 130, 56, 2, 188.39);
INSERT INTO order_items (order_item_id, order_id, product_id, quantity, unit_price) VALUES (386, 131, 27, 3, 72.8);
INSERT INTO order_items (order_item_id, order_id, product_id, quantity, unit_price) VALUES (387, 131, 19, 3, 209.43);
INSERT INTO order_items (order_item_id, order_id, product_id, quantity, unit_price) VALUES (388, 131, 44, 2, 7.41);
INSERT INTO order_items (order_item_id, order_id, product_id, quantity, unit_price) VALUES (389, 131, 55, 3, 238.15);
INSERT INTO order_items (order_item_id, order_id, product_id, quantity, unit_price) VALUES (390, 132, 18, 3, 8.21);
INSERT INTO order_items (order_item_id, order_id, product_id, quantity, unit_price) VALUES (391, 132, 17, 2, 23.49);
INSERT INTO order_items (order_item_id, order_id, product_id, quantity, unit_price) VALUES (392, 132, 19, 2, 209.43);
INSERT INTO order_items (order_item_id, order_id, product_id, quantity, unit_price) VALUES (393, 132, 30, 4, 208.8);
INSERT INTO order_items (order_item_id, order_id, product_id, quantity, unit_price) VALUES (394, 133, 42, 1, 81.02);
INSERT INTO order_items (order_item_id, order_id, product_id, quantity, unit_price) VALUES (395, 133, 23, 3, 185.36);
INSERT INTO order_items (order_item_id, order_id, product_id, quantity, unit_price) VALUES (396, 133, 46, 4, 53.29);
INSERT INTO order_items (order_item_id, order_id, product_id, quantity, unit_price) VALUES (397, 133, 10, 3, 12.77);
INSERT INTO order_items (order_item_id, order_id, product_id, quantity, unit_price) VALUES (398, 134, 46, 2, 53.29);
INSERT INTO order_items (order_item_id, order_id, product_id, quantity, unit_price) VALUES (399, 134, 48, 4, 130.44);
INSERT INTO order_items (order_item_id, order_id, product_id, quantity, unit_price) VALUES (400, 134, 35, 2, 122.72);
INSERT INTO order_items (order_item_id, order_id, product_id, quantity, unit_price) VALUES (401, 134, 39, 2, 185.42);
INSERT INTO order_items (order_item_id, order_id, product_id, quantity, unit_price) VALUES (402, 134, 52, 2, 221.51);
INSERT INTO order_items (order_item_id, order_id, product_id, quantity, unit_price) VALUES (403, 135, 59, 4, 146.32);
INSERT INTO order_items (order_item_id, order_id, product_id, quantity, unit_price) VALUES (404, 136, 54, 3, 227.97);
INSERT INTO order_items (order_item_id, order_id, product_id, quantity, unit_price) VALUES (405, 136, 19, 4, 209.43);
INSERT INTO order_items (order_item_id, order_id, product_id, quantity, unit_price) VALUES (406, 136, 57, 4, 182.43);
INSERT INTO order_items (order_item_id, order_id, product_id, quantity, unit_price) VALUES (407, 136, 2, 4, 212.25);
INSERT INTO order_items (order_item_id, order_id, product_id, quantity, unit_price) VALUES (408, 136, 22, 1, 31.28);
INSERT INTO order_items (order_item_id, order_id, product_id, quantity, unit_price) VALUES (409, 137, 38, 3, 24.22);
INSERT INTO order_items (order_item_id, order_id, product_id, quantity, unit_price) VALUES (410, 137, 57, 3, 182.43);
INSERT INTO order_items (order_item_id, order_id, product_id, quantity, unit_price) VALUES (411, 138, 59, 1, 146.32);
INSERT INTO order_items (order_item_id, order_id, product_id, quantity, unit_price) VALUES (412, 139, 32, 3, 120.58);
INSERT INTO order_items (order_item_id, order_id, product_id, quantity, unit_price) VALUES (413, 139, 18, 4, 8.21);
INSERT INTO order_items (order_item_id, order_id, product_id, quantity, unit_price) VALUES (414, 140, 35, 2, 122.72);
INSERT INTO order_items (order_item_id, order_id, product_id, quantity, unit_price) VALUES (415, 140, 25, 4, 158.39);
INSERT INTO order_items (order_item_id, order_id, product_id, quantity, unit_price) VALUES (416, 140, 23, 4, 185.36);
INSERT INTO order_items (order_item_id, order_id, product_id, quantity, unit_price) VALUES (417, 140, 32, 3, 120.58);
INSERT INTO order_items (order_item_id, order_id, product_id, quantity, unit_price) VALUES (418, 140, 9, 3, 163.02);
INSERT INTO order_items (order_item_id, order_id, product_id, quantity, unit_price) VALUES (419, 141, 48, 2, 130.44);
INSERT INTO order_items (order_item_id, order_id, product_id, quantity, unit_price) VALUES (420, 142, 29, 2, 244.63);
INSERT INTO order_items (order_item_id, order_id, product_id, quantity, unit_price) VALUES (421, 142, 43, 3, 95.07);
INSERT INTO order_items (order_item_id, order_id, product_id, quantity, unit_price) VALUES (422, 142, 32, 3, 120.58);
INSERT INTO order_items (order_item_id, order_id, product_id, quantity, unit_price) VALUES (423, 142, 17, 2, 23.49);
INSERT INTO order_items (order_item_id, order_id, product_id, quantity, unit_price) VALUES (424, 142, 44, 2, 7.41);
INSERT INTO order_items (order_item_id, order_id, product_id, quantity, unit_price) VALUES (425, 143, 59, 1, 146.32);
INSERT INTO order_items (order_item_id, order_id, product_id, quantity, unit_price) VALUES (426, 143, 10, 1, 12.77);
INSERT INTO order_items (order_item_id, order_id, product_id, quantity, unit_price) VALUES (427, 143, 41, 3, 170.68);
INSERT INTO order_items (order_item_id, order_id, product_id, quantity, unit_price) VALUES (428, 144, 53, 3, 169.03);
INSERT INTO order_items (order_item_id, order_id, product_id, quantity, unit_price) VALUES (429, 144, 1, 3, 97.32);
INSERT INTO order_items (order_item_id, order_id, product_id, quantity, unit_price) VALUES (430, 144, 12, 4, 98.2);
INSERT INTO order_items (order_item_id, order_id, product_id, quantity, unit_price) VALUES (431, 144, 38, 4, 24.22);
INSERT INTO order_items (order_item_id, order_id, product_id, quantity, unit_price) VALUES (432, 144, 55, 3, 238.15);
INSERT INTO order_items (order_item_id, order_id, product_id, quantity, unit_price) VALUES (433, 145, 10, 3, 12.77);
INSERT INTO order_items (order_item_id, order_id, product_id, quantity, unit_price) VALUES (434, 145, 14, 2, 175.23);
INSERT INTO order_items (order_item_id, order_id, product_id, quantity, unit_price) VALUES (435, 145, 4, 4, 67.12);
INSERT INTO order_items (order_item_id, order_id, product_id, quantity, unit_price) VALUES (436, 146, 36, 1, 111.77);
INSERT INTO order_items (order_item_id, order_id, product_id, quantity, unit_price) VALUES (437, 146, 8, 1, 136.07);
INSERT INTO order_items (order_item_id, order_id, product_id, quantity, unit_price) VALUES (438, 146, 35, 2, 122.72);
INSERT INTO order_items (order_item_id, order_id, product_id, quantity, unit_price) VALUES (439, 146, 59, 4, 146.32);
INSERT INTO order_items (order_item_id, order_id, product_id, quantity, unit_price) VALUES (440, 147, 15, 4, 20.07);
INSERT INTO order_items (order_item_id, order_id, product_id, quantity, unit_price) VALUES (441, 147, 59, 4, 146.32);
INSERT INTO order_items (order_item_id, order_id, product_id, quantity, unit_price) VALUES (442, 147, 5, 2, 160.07);
INSERT INTO order_items (order_item_id, order_id, product_id, quantity, unit_price) VALUES (443, 148, 7, 2, 62.79);
INSERT INTO order_items (order_item_id, order_id, product_id, quantity, unit_price) VALUES (444, 149, 8, 2, 136.07);
INSERT INTO order_items (order_item_id, order_id, product_id, quantity, unit_price) VALUES (445, 150, 57, 2, 182.43);
INSERT INTO order_items (order_item_id, order_id, product_id, quantity, unit_price) VALUES (446, 150, 1, 3, 97.32);
INSERT INTO order_items (order_item_id, order_id, product_id, quantity, unit_price) VALUES (447, 150, 26, 2, 14.81);
INSERT INTO order_items (order_item_id, order_id, product_id, quantity, unit_price) VALUES (448, 150, 24, 1, 73.44);
INSERT INTO order_items (order_item_id, order_id, product_id, quantity, unit_price) VALUES (449, 150, 39, 4, 185.42);
INSERT INTO order_items (order_item_id, order_id, product_id, quantity, unit_price) VALUES (450, 151, 45, 3, 142.51);
INSERT INTO order_items (order_item_id, order_id, product_id, quantity, unit_price) VALUES (451, 151, 56, 1, 188.39);
INSERT INTO order_items (order_item_id, order_id, product_id, quantity, unit_price) VALUES (452, 151, 42, 4, 81.02);
INSERT INTO order_items (order_item_id, order_id, product_id, quantity, unit_price) VALUES (453, 151, 29, 4, 244.63);
INSERT INTO order_items (order_item_id, order_id, product_id, quantity, unit_price) VALUES (454, 151, 30, 2, 208.8);
INSERT INTO order_items (order_item_id, order_id, product_id, quantity, unit_price) VALUES (455, 152, 28, 3, 68.03);
INSERT INTO order_items (order_item_id, order_id, product_id, quantity, unit_price) VALUES (456, 152, 29, 3, 244.63);
INSERT INTO order_items (order_item_id, order_id, product_id, quantity, unit_price) VALUES (457, 152, 47, 3, 141.48);
INSERT INTO order_items (order_item_id, order_id, product_id, quantity, unit_price) VALUES (458, 153, 18, 3, 8.21);
INSERT INTO order_items (order_item_id, order_id, product_id, quantity, unit_price) VALUES (459, 153, 7, 3, 62.79);
INSERT INTO order_items (order_item_id, order_id, product_id, quantity, unit_price) VALUES (460, 154, 46, 2, 53.29);
INSERT INTO order_items (order_item_id, order_id, product_id, quantity, unit_price) VALUES (461, 154, 7, 4, 62.79);
INSERT INTO order_items (order_item_id, order_id, product_id, quantity, unit_price) VALUES (462, 155, 16, 3, 52.83);
INSERT INTO order_items (order_item_id, order_id, product_id, quantity, unit_price) VALUES (463, 156, 13, 1, 165.77);
INSERT INTO order_items (order_item_id, order_id, product_id, quantity, unit_price) VALUES (464, 156, 2, 1, 212.25);
INSERT INTO order_items (order_item_id, order_id, product_id, quantity, unit_price) VALUES (465, 156, 54, 3, 227.97);
INSERT INTO order_items (order_item_id, order_id, product_id, quantity, unit_price) VALUES (466, 156, 35, 2, 122.72);
INSERT INTO order_items (order_item_id, order_id, product_id, quantity, unit_price) VALUES (467, 156, 53, 2, 169.03);
INSERT INTO order_items (order_item_id, order_id, product_id, quantity, unit_price) VALUES (468, 157, 12, 3, 98.2);
INSERT INTO order_items (order_item_id, order_id, product_id, quantity, unit_price) VALUES (469, 157, 49, 4, 24.21);
INSERT INTO order_items (order_item_id, order_id, product_id, quantity, unit_price) VALUES (470, 157, 11, 1, 34.64);
INSERT INTO order_items (order_item_id, order_id, product_id, quantity, unit_price) VALUES (471, 157, 27, 4, 72.8);
INSERT INTO order_items (order_item_id, order_id, product_id, quantity, unit_price) VALUES (472, 158, 43, 3, 95.07);
INSERT INTO order_items (order_item_id, order_id, product_id, quantity, unit_price) VALUES (473, 158, 47, 3, 141.48);
INSERT INTO order_items (order_item_id, order_id, product_id, quantity, unit_price) VALUES (474, 158, 29, 1, 244.63);
INSERT INTO order_items (order_item_id, order_id, product_id, quantity, unit_price) VALUES (475, 159, 41, 4, 170.68);
INSERT INTO order_items (order_item_id, order_id, product_id, quantity, unit_price) VALUES (476, 159, 33, 2, 155.68);
INSERT INTO order_items (order_item_id, order_id, product_id, quantity, unit_price) VALUES (477, 160, 34, 3, 6.47);
INSERT INTO order_items (order_item_id, order_id, product_id, quantity, unit_price) VALUES (478, 160, 6, 3, 243.73);
INSERT INTO order_items (order_item_id, order_id, product_id, quantity, unit_price) VALUES (479, 160, 59, 2, 146.32);
INSERT INTO order_items (order_item_id, order_id, product_id, quantity, unit_price) VALUES (480, 161, 6, 2, 243.73);
INSERT INTO order_items (order_item_id, order_id, product_id, quantity, unit_price) VALUES (481, 161, 10, 4, 12.77);
INSERT INTO order_items (order_item_id, order_id, product_id, quantity, unit_price) VALUES (482, 161, 50, 4, 66.21);
INSERT INTO order_items (order_item_id, order_id, product_id, quantity, unit_price) VALUES (483, 161, 11, 1, 34.64);
INSERT INTO order_items (order_item_id, order_id, product_id, quantity, unit_price) VALUES (484, 162, 36, 4, 111.77);
INSERT INTO order_items (order_item_id, order_id, product_id, quantity, unit_price) VALUES (485, 162, 20, 2, 200.32);
INSERT INTO order_items (order_item_id, order_id, product_id, quantity, unit_price) VALUES (486, 162, 60, 3, 164.61);
INSERT INTO order_items (order_item_id, order_id, product_id, quantity, unit_price) VALUES (487, 162, 16, 2, 52.83);
INSERT INTO order_items (order_item_id, order_id, product_id, quantity, unit_price) VALUES (488, 163, 32, 1, 120.58);
INSERT INTO order_items (order_item_id, order_id, product_id, quantity, unit_price) VALUES (489, 163, 4, 4, 67.12);
INSERT INTO order_items (order_item_id, order_id, product_id, quantity, unit_price) VALUES (490, 164, 28, 1, 68.03);
INSERT INTO order_items (order_item_id, order_id, product_id, quantity, unit_price) VALUES (491, 164, 12, 4, 98.2);
INSERT INTO order_items (order_item_id, order_id, product_id, quantity, unit_price) VALUES (492, 165, 13, 3, 165.77);
INSERT INTO order_items (order_item_id, order_id, product_id, quantity, unit_price) VALUES (493, 165, 7, 2, 62.79);
INSERT INTO order_items (order_item_id, order_id, product_id, quantity, unit_price) VALUES (494, 166, 49, 3, 24.21);
INSERT INTO order_items (order_item_id, order_id, product_id, quantity, unit_price) VALUES (495, 166, 2, 2, 212.25);
INSERT INTO order_items (order_item_id, order_id, product_id, quantity, unit_price) VALUES (496, 166, 30, 3, 208.8);
INSERT INTO order_items (order_item_id, order_id, product_id, quantity, unit_price) VALUES (497, 167, 46, 2, 53.29);
INSERT INTO order_items (order_item_id, order_id, product_id, quantity, unit_price) VALUES (498, 167, 27, 4, 72.8);
INSERT INTO order_items (order_item_id, order_id, product_id, quantity, unit_price) VALUES (499, 167, 35, 1, 122.72);
INSERT INTO order_items (order_item_id, order_id, product_id, quantity, unit_price) VALUES (500, 167, 5, 3, 160.07);
INSERT INTO order_items (order_item_id, order_id, product_id, quantity, unit_price) VALUES (501, 167, 20, 1, 200.32);
INSERT INTO order_items (order_item_id, order_id, product_id, quantity, unit_price) VALUES (502, 168, 47, 4, 141.48);
INSERT INTO order_items (order_item_id, order_id, product_id, quantity, unit_price) VALUES (503, 169, 42, 3, 81.02);
INSERT INTO order_items (order_item_id, order_id, product_id, quantity, unit_price) VALUES (504, 169, 13, 4, 165.77);
INSERT INTO order_items (order_item_id, order_id, product_id, quantity, unit_price) VALUES (505, 169, 59, 4, 146.32);
INSERT INTO order_items (order_item_id, order_id, product_id, quantity, unit_price) VALUES (506, 170, 46, 1, 53.29);
INSERT INTO order_items (order_item_id, order_id, product_id, quantity, unit_price) VALUES (507, 170, 41, 2, 170.68);
INSERT INTO order_items (order_item_id, order_id, product_id, quantity, unit_price) VALUES (508, 171, 15, 1, 20.07);
INSERT INTO order_items (order_item_id, order_id, product_id, quantity, unit_price) VALUES (509, 171, 24, 3, 73.44);
INSERT INTO order_items (order_item_id, order_id, product_id, quantity, unit_price) VALUES (510, 172, 25, 3, 158.39);
INSERT INTO order_items (order_item_id, order_id, product_id, quantity, unit_price) VALUES (511, 172, 9, 1, 163.02);
INSERT INTO order_items (order_item_id, order_id, product_id, quantity, unit_price) VALUES (512, 172, 34, 3, 6.47);
INSERT INTO order_items (order_item_id, order_id, product_id, quantity, unit_price) VALUES (513, 172, 51, 2, 232.99);
INSERT INTO order_items (order_item_id, order_id, product_id, quantity, unit_price) VALUES (514, 172, 50, 2, 66.21);
INSERT INTO order_items (order_item_id, order_id, product_id, quantity, unit_price) VALUES (515, 173, 27, 4, 72.8);
INSERT INTO order_items (order_item_id, order_id, product_id, quantity, unit_price) VALUES (516, 173, 57, 3, 182.43);
INSERT INTO order_items (order_item_id, order_id, product_id, quantity, unit_price) VALUES (517, 174, 44, 3, 7.41);
INSERT INTO order_items (order_item_id, order_id, product_id, quantity, unit_price) VALUES (518, 175, 13, 1, 165.77);
INSERT INTO order_items (order_item_id, order_id, product_id, quantity, unit_price) VALUES (519, 176, 48, 2, 130.44);
INSERT INTO order_items (order_item_id, order_id, product_id, quantity, unit_price) VALUES (520, 176, 32, 3, 120.58);
INSERT INTO order_items (order_item_id, order_id, product_id, quantity, unit_price) VALUES (521, 177, 43, 1, 95.07);
INSERT INTO order_items (order_item_id, order_id, product_id, quantity, unit_price) VALUES (522, 177, 10, 3, 12.77);
INSERT INTO order_items (order_item_id, order_id, product_id, quantity, unit_price) VALUES (523, 177, 18, 1, 8.21);
INSERT INTO order_items (order_item_id, order_id, product_id, quantity, unit_price) VALUES (524, 177, 32, 1, 120.58);
INSERT INTO order_items (order_item_id, order_id, product_id, quantity, unit_price) VALUES (525, 178, 4, 2, 67.12);
INSERT INTO order_items (order_item_id, order_id, product_id, quantity, unit_price) VALUES (526, 179, 17, 1, 23.49);
INSERT INTO order_items (order_item_id, order_id, product_id, quantity, unit_price) VALUES (527, 179, 41, 2, 170.68);
INSERT INTO order_items (order_item_id, order_id, product_id, quantity, unit_price) VALUES (528, 180, 53, 1, 169.03);
INSERT INTO order_items (order_item_id, order_id, product_id, quantity, unit_price) VALUES (529, 180, 43, 2, 95.07);
INSERT INTO order_items (order_item_id, order_id, product_id, quantity, unit_price) VALUES (530, 180, 54, 2, 227.97);
INSERT INTO order_items (order_item_id, order_id, product_id, quantity, unit_price) VALUES (531, 181, 5, 2, 160.07);
INSERT INTO order_items (order_item_id, order_id, product_id, quantity, unit_price) VALUES (532, 181, 10, 4, 12.77);
INSERT INTO order_items (order_item_id, order_id, product_id, quantity, unit_price) VALUES (533, 181, 18, 4, 8.21);
INSERT INTO order_items (order_item_id, order_id, product_id, quantity, unit_price) VALUES (534, 182, 17, 2, 23.49);
INSERT INTO order_items (order_item_id, order_id, product_id, quantity, unit_price) VALUES (535, 182, 15, 1, 20.07);
INSERT INTO order_items (order_item_id, order_id, product_id, quantity, unit_price) VALUES (536, 182, 37, 4, 118.31);
INSERT INTO order_items (order_item_id, order_id, product_id, quantity, unit_price) VALUES (537, 182, 2, 3, 212.25);
INSERT INTO order_items (order_item_id, order_id, product_id, quantity, unit_price) VALUES (538, 183, 8, 4, 136.07);
INSERT INTO order_items (order_item_id, order_id, product_id, quantity, unit_price) VALUES (539, 183, 37, 1, 118.31);
INSERT INTO order_items (order_item_id, order_id, product_id, quantity, unit_price) VALUES (540, 183, 1, 1, 97.32);
INSERT INTO order_items (order_item_id, order_id, product_id, quantity, unit_price) VALUES (541, 183, 41, 1, 170.68);
INSERT INTO order_items (order_item_id, order_id, product_id, quantity, unit_price) VALUES (542, 184, 60, 2, 164.61);
INSERT INTO order_items (order_item_id, order_id, product_id, quantity, unit_price) VALUES (543, 184, 44, 3, 7.41);
INSERT INTO order_items (order_item_id, order_id, product_id, quantity, unit_price) VALUES (544, 184, 36, 1, 111.77);
INSERT INTO order_items (order_item_id, order_id, product_id, quantity, unit_price) VALUES (545, 184, 58, 4, 59.62);
INSERT INTO order_items (order_item_id, order_id, product_id, quantity, unit_price) VALUES (546, 185, 36, 3, 111.77);
INSERT INTO order_items (order_item_id, order_id, product_id, quantity, unit_price) VALUES (547, 185, 34, 2, 6.47);
INSERT INTO order_items (order_item_id, order_id, product_id, quantity, unit_price) VALUES (548, 186, 11, 2, 34.64);
INSERT INTO order_items (order_item_id, order_id, product_id, quantity, unit_price) VALUES (549, 186, 35, 3, 122.72);
INSERT INTO order_items (order_item_id, order_id, product_id, quantity, unit_price) VALUES (550, 187, 21, 1, 17.12);
INSERT INTO order_items (order_item_id, order_id, product_id, quantity, unit_price) VALUES (551, 188, 55, 1, 238.15);
INSERT INTO order_items (order_item_id, order_id, product_id, quantity, unit_price) VALUES (552, 188, 56, 2, 188.39);
INSERT INTO order_items (order_item_id, order_id, product_id, quantity, unit_price) VALUES (553, 189, 37, 4, 118.31);
INSERT INTO order_items (order_item_id, order_id, product_id, quantity, unit_price) VALUES (554, 190, 55, 2, 238.15);
INSERT INTO order_items (order_item_id, order_id, product_id, quantity, unit_price) VALUES (555, 190, 53, 4, 169.03);
INSERT INTO order_items (order_item_id, order_id, product_id, quantity, unit_price) VALUES (556, 191, 51, 4, 232.99);
INSERT INTO order_items (order_item_id, order_id, product_id, quantity, unit_price) VALUES (557, 191, 28, 4, 68.03);
INSERT INTO order_items (order_item_id, order_id, product_id, quantity, unit_price) VALUES (558, 192, 5, 2, 160.07);
INSERT INTO order_items (order_item_id, order_id, product_id, quantity, unit_price) VALUES (559, 192, 54, 2, 227.97);
INSERT INTO order_items (order_item_id, order_id, product_id, quantity, unit_price) VALUES (560, 193, 15, 4, 20.07);
INSERT INTO order_items (order_item_id, order_id, product_id, quantity, unit_price) VALUES (561, 193, 30, 3, 208.8);
INSERT INTO order_items (order_item_id, order_id, product_id, quantity, unit_price) VALUES (562, 194, 59, 1, 146.32);
INSERT INTO order_items (order_item_id, order_id, product_id, quantity, unit_price) VALUES (563, 194, 4, 3, 67.12);
INSERT INTO order_items (order_item_id, order_id, product_id, quantity, unit_price) VALUES (564, 194, 43, 3, 95.07);
INSERT INTO order_items (order_item_id, order_id, product_id, quantity, unit_price) VALUES (565, 195, 31, 2, 217.08);
INSERT INTO order_items (order_item_id, order_id, product_id, quantity, unit_price) VALUES (566, 195, 3, 1, 140.3);
INSERT INTO order_items (order_item_id, order_id, product_id, quantity, unit_price) VALUES (567, 195, 12, 4, 98.2);
INSERT INTO order_items (order_item_id, order_id, product_id, quantity, unit_price) VALUES (568, 195, 43, 1, 95.07);
INSERT INTO order_items (order_item_id, order_id, product_id, quantity, unit_price) VALUES (569, 195, 1, 3, 97.32);
INSERT INTO order_items (order_item_id, order_id, product_id, quantity, unit_price) VALUES (570, 196, 14, 4, 175.23);
INSERT INTO order_items (order_item_id, order_id, product_id, quantity, unit_price) VALUES (571, 196, 46, 3, 53.29);
INSERT INTO order_items (order_item_id, order_id, product_id, quantity, unit_price) VALUES (572, 196, 3, 1, 140.3);
INSERT INTO order_items (order_item_id, order_id, product_id, quantity, unit_price) VALUES (573, 196, 57, 2, 182.43);
INSERT INTO order_items (order_item_id, order_id, product_id, quantity, unit_price) VALUES (574, 197, 14, 1, 175.23);
INSERT INTO order_items (order_item_id, order_id, product_id, quantity, unit_price) VALUES (575, 197, 15, 1, 20.07);
INSERT INTO order_items (order_item_id, order_id, product_id, quantity, unit_price) VALUES (576, 197, 46, 4, 53.29);
INSERT INTO order_items (order_item_id, order_id, product_id, quantity, unit_price) VALUES (577, 197, 13, 1, 165.77);
INSERT INTO order_items (order_item_id, order_id, product_id, quantity, unit_price) VALUES (578, 198, 2, 2, 212.25);
INSERT INTO order_items (order_item_id, order_id, product_id, quantity, unit_price) VALUES (579, 198, 30, 2, 208.8);
INSERT INTO order_items (order_item_id, order_id, product_id, quantity, unit_price) VALUES (580, 199, 14, 2, 175.23);
INSERT INTO order_items (order_item_id, order_id, product_id, quantity, unit_price) VALUES (581, 200, 9, 3, 163.02);
INSERT INTO order_items (order_item_id, order_id, product_id, quantity, unit_price) VALUES (582, 200, 18, 4, 8.21);
INSERT INTO order_items (order_item_id, order_id, product_id, quantity, unit_price) VALUES (583, 201, 20, 1, 200.32);
INSERT INTO order_items (order_item_id, order_id, product_id, quantity, unit_price) VALUES (584, 202, 8, 2, 136.07);
INSERT INTO order_items (order_item_id, order_id, product_id, quantity, unit_price) VALUES (585, 203, 23, 2, 185.36);
INSERT INTO order_items (order_item_id, order_id, product_id, quantity, unit_price) VALUES (586, 203, 31, 2, 217.08);
INSERT INTO order_items (order_item_id, order_id, product_id, quantity, unit_price) VALUES (587, 203, 46, 3, 53.29);
INSERT INTO order_items (order_item_id, order_id, product_id, quantity, unit_price) VALUES (588, 203, 51, 1, 232.99);
INSERT INTO order_items (order_item_id, order_id, product_id, quantity, unit_price) VALUES (589, 204, 45, 4, 142.51);
INSERT INTO order_items (order_item_id, order_id, product_id, quantity, unit_price) VALUES (590, 204, 33, 2, 155.68);
INSERT INTO order_items (order_item_id, order_id, product_id, quantity, unit_price) VALUES (591, 204, 12, 2, 98.2);
INSERT INTO order_items (order_item_id, order_id, product_id, quantity, unit_price) VALUES (592, 205, 39, 3, 185.42);
INSERT INTO order_items (order_item_id, order_id, product_id, quantity, unit_price) VALUES (593, 206, 51, 1, 232.99);
INSERT INTO order_items (order_item_id, order_id, product_id, quantity, unit_price) VALUES (594, 207, 44, 1, 7.41);
INSERT INTO order_items (order_item_id, order_id, product_id, quantity, unit_price) VALUES (595, 207, 43, 4, 95.07);
INSERT INTO order_items (order_item_id, order_id, product_id, quantity, unit_price) VALUES (596, 207, 45, 2, 142.51);
INSERT INTO order_items (order_item_id, order_id, product_id, quantity, unit_price) VALUES (597, 207, 6, 1, 243.73);
INSERT INTO order_items (order_item_id, order_id, product_id, quantity, unit_price) VALUES (598, 207, 46, 4, 53.29);
INSERT INTO order_items (order_item_id, order_id, product_id, quantity, unit_price) VALUES (599, 208, 31, 1, 217.08);
INSERT INTO order_items (order_item_id, order_id, product_id, quantity, unit_price) VALUES (600, 208, 20, 3, 200.32);
INSERT INTO order_items (order_item_id, order_id, product_id, quantity, unit_price) VALUES (601, 208, 60, 2, 164.61);
INSERT INTO order_items (order_item_id, order_id, product_id, quantity, unit_price) VALUES (602, 208, 59, 4, 146.32);
INSERT INTO order_items (order_item_id, order_id, product_id, quantity, unit_price) VALUES (603, 209, 37, 4, 118.31);
INSERT INTO order_items (order_item_id, order_id, product_id, quantity, unit_price) VALUES (604, 209, 18, 4, 8.21);
INSERT INTO order_items (order_item_id, order_id, product_id, quantity, unit_price) VALUES (605, 209, 14, 2, 175.23);
INSERT INTO order_items (order_item_id, order_id, product_id, quantity, unit_price) VALUES (606, 210, 57, 3, 182.43);
INSERT INTO order_items (order_item_id, order_id, product_id, quantity, unit_price) VALUES (607, 210, 60, 3, 164.61);
INSERT INTO order_items (order_item_id, order_id, product_id, quantity, unit_price) VALUES (608, 211, 39, 4, 185.42);
INSERT INTO order_items (order_item_id, order_id, product_id, quantity, unit_price) VALUES (609, 211, 46, 2, 53.29);
INSERT INTO order_items (order_item_id, order_id, product_id, quantity, unit_price) VALUES (610, 211, 13, 2, 165.77);
INSERT INTO order_items (order_item_id, order_id, product_id, quantity, unit_price) VALUES (611, 211, 40, 4, 4.46);
INSERT INTO order_items (order_item_id, order_id, product_id, quantity, unit_price) VALUES (612, 211, 41, 2, 170.68);
INSERT INTO order_items (order_item_id, order_id, product_id, quantity, unit_price) VALUES (613, 212, 40, 2, 4.46);
INSERT INTO order_items (order_item_id, order_id, product_id, quantity, unit_price) VALUES (614, 212, 27, 1, 72.8);
INSERT INTO order_items (order_item_id, order_id, product_id, quantity, unit_price) VALUES (615, 213, 19, 2, 209.43);
INSERT INTO order_items (order_item_id, order_id, product_id, quantity, unit_price) VALUES (616, 213, 37, 1, 118.31);
INSERT INTO order_items (order_item_id, order_id, product_id, quantity, unit_price) VALUES (617, 214, 27, 2, 72.8);
INSERT INTO order_items (order_item_id, order_id, product_id, quantity, unit_price) VALUES (618, 214, 21, 2, 17.12);
INSERT INTO order_items (order_item_id, order_id, product_id, quantity, unit_price) VALUES (619, 214, 53, 1, 169.03);
INSERT INTO order_items (order_item_id, order_id, product_id, quantity, unit_price) VALUES (620, 215, 43, 3, 95.07);
INSERT INTO order_items (order_item_id, order_id, product_id, quantity, unit_price) VALUES (621, 216, 12, 1, 98.2);
INSERT INTO order_items (order_item_id, order_id, product_id, quantity, unit_price) VALUES (622, 217, 9, 1, 163.02);
INSERT INTO order_items (order_item_id, order_id, product_id, quantity, unit_price) VALUES (623, 217, 22, 1, 31.28);
INSERT INTO order_items (order_item_id, order_id, product_id, quantity, unit_price) VALUES (624, 217, 14, 3, 175.23);
INSERT INTO order_items (order_item_id, order_id, product_id, quantity, unit_price) VALUES (625, 217, 59, 3, 146.32);
INSERT INTO order_items (order_item_id, order_id, product_id, quantity, unit_price) VALUES (626, 217, 35, 2, 122.72);
INSERT INTO order_items (order_item_id, order_id, product_id, quantity, unit_price) VALUES (627, 218, 58, 2, 59.62);
INSERT INTO order_items (order_item_id, order_id, product_id, quantity, unit_price) VALUES (628, 218, 36, 2, 111.77);
INSERT INTO order_items (order_item_id, order_id, product_id, quantity, unit_price) VALUES (629, 218, 33, 4, 155.68);
INSERT INTO order_items (order_item_id, order_id, product_id, quantity, unit_price) VALUES (630, 218, 25, 2, 158.39);
INSERT INTO order_items (order_item_id, order_id, product_id, quantity, unit_price) VALUES (631, 218, 44, 4, 7.41);
INSERT INTO order_items (order_item_id, order_id, product_id, quantity, unit_price) VALUES (632, 219, 37, 2, 118.31);
INSERT INTO order_items (order_item_id, order_id, product_id, quantity, unit_price) VALUES (633, 219, 25, 1, 158.39);
INSERT INTO order_items (order_item_id, order_id, product_id, quantity, unit_price) VALUES (634, 219, 47, 4, 141.48);
INSERT INTO order_items (order_item_id, order_id, product_id, quantity, unit_price) VALUES (635, 219, 13, 3, 165.77);
INSERT INTO order_items (order_item_id, order_id, product_id, quantity, unit_price) VALUES (636, 219, 19, 1, 209.43);
INSERT INTO order_items (order_item_id, order_id, product_id, quantity, unit_price) VALUES (637, 220, 30, 1, 208.8);
INSERT INTO order_items (order_item_id, order_id, product_id, quantity, unit_price) VALUES (638, 220, 14, 4, 175.23);