event_timestamp,team_id,hero_id,gold_earned,kills
2026-04-27T12:01:16.731216,team_a,5,160.2,1
2026-04-27T12:01:28.376546,team_a,50,239.86,0
2026-04-27T12:00:11.243429,team_a,40,320.91,1
2026-04-27T12:01:25.922354,team_b,4,252.14,2
2026-04-27T12:01:37.131655,team_a,3,364.16,2
2026-04-27T12:00:33.344561,team_a,10,95.99,3
2026-04-27T12:00:11.605965,team_b,50,169.03,0
2026-04-27T12:01:27.567814,team_a,20,85.46,2
2026-04-27T12:01:39.528560,team_b,50,136.53,0
2026-04-27T12:00:05.498926,team_a,5,493.35,1
2026-04-27T12:01:43.978040,team_b,5,254.03,2
2026-04-27T12:00:19.518492,team_b,4,351.58,0
2026-04-27T12:01:13.095721,team_a,40,378.11,1
2026-04-27T12:00:55.471225,team_b,40,148.83,2
2026-04-27T12:01:41.142230,team_a,4,419.81,2
2026-04-27T12:00:48.139774,team_a,4,460.91,2
2026-04-27T12:00:25.515185,team_b,20,448.11,3
2026-04-27T12:00:17.144591,team_a,4,385.25,2
2026-04-27T12:01:29.641657,team_b,50,229.73,1
2026-04-27T12:01:59.679093,team_a,40,272.08,0
2026-04-27T12:01:43.332349,team_a,3,406.44,3
2026-04-27T12:01:11.569084,team_b,20,318.15,3
2026-04-27T12:01:03.493721,team_a,2,356.77,2
2026-04-27T12:01:32.231848,team_b,2,182.08,1
2026-04-27T12:00:54.446845,team_b,40,392.88,0
2026-04-27T12:01:44.462228,team_b,40,324.04,1
2026-04-27T12:00:44.869662,team_a,40,479.07,0
2026-04-27T12:01:11.873350,team_b,1,100.34,2
2026-04-27T12:01:45.446625,team_b,4,76.07,0
2026-04-27T12:00:10.278414,team_b,2,490.09,1
2026-04-27T12:00:15.406976,team_b,40,124.31,3
2026-04-27T12:01:55.723549,team_a,5,229.55,2
2026-04-27T12:00:52.572010,team_b,2,161.56,0
2026-04-27T12:00:40.570267,team_a,50,149.1,0
2026-04-27T12:01:24.940914,team_a,4,80.33,0
2026-04-27T12:01:43.156248,team_a,40,157.1,3
2026-04-27T12:00:25.708417,team_a,50,309.3,1
2026-04-27T12:01:34.154331,team_b,4,92.45,3
2026-04-27T12:00:42.515708,team_b,30,438.73,0
2026-04-27T12:01:20.803746,team_a,1,231.18,2
2026-04-27T12:01:36.071101,team_a,4,136.22,3
2026-04-27T12:00:16.821876,team_a,5,258.18,0
2026-04-27T12:00:53.175689,team_a,1,343.47,0
2026-04-27T12:01:56.279551,team_a,3,232.89,3
2026-04-27T12:00:25.649676,team_b,1,124.09,0
2026-04-27T12:01:58.237061,team_b,30,178.36,3
2026-04-27T12:00:18.575619,team_b,4,485.92,0
2026-04-27T12:01:29.757067,team_a,1,312.88,1
2026-04-27T12:00:06.825550,team_a,3,80.83,0
2026-04-27T12:01:21.025506,team_a,20,103.95,1
2026-04-27T12:01:09.470287,team_a,50,86.89,2
2026-04-27T12:01:52.164751,team_a,10,157.41,3
2026-04-27T12:00:15.705394,team_b,30,192.28,0
2026-04-27T12:00:01.117855,team_a,2,291.94,2
2026-04-27T12:00:15.894788,team_b,2,445.67,2
2026-04-27T12:00:34.198487,team_b,40,366.59,0
2026-04-27T12:01:20.143584,team_b,2,472.52,1
2026-04-27T12:00:31.735911,team_a,40,119.95,2
2026-04-27T12:01:12.579579,team_b,4,359.37,2
2026-04-27T12:01:00.649087,team_b,1,91.53,3
2026-04-27T12:01:39.521771,team_a,1,200.1,1
2026-04-27T12:01:16.453605,team_b,3,383.55,3
2026-04-27T12:01:07.308824,team_a,2,475.27,1
2026-04-27T12:01:05.470835,team_b,50,298.64,3
2026-04-27T12:00:15.293462,team_b,10,454.54,0
2026-04-27T12:01:47.870956,team_a,4,350.12,2
2026-04-27T12:01:33.613949,team_b,50,387.26,1
2026-04-27T12:01:43.752684,team_a,20,61.15,2
2026-04-27T12:01:33.886380,team_b,4,170.06,0
2026-04-27T12:00:45.905007,team_a,30,150.1,3
2026-04-27T12:00:41.959011,team_a,4,60.65,1
2026-04-27T12:00:47.815917,team_b,2,485.1,2
2026-04-27T12:00:42.137535,team_b,40,199.02,0
2026-04-27T12:00:13.841010,team_b,3,311.27,2
2026-04-27T12:00:04.590864,team_b,10,377.85,2
2026-04-27T12:00:52.367266,team_a,20,454.78,1
2026-04-27T12:00:30.566701,team_b,1,283.96,1
2026-04-27T12:00:43.706577,team_a,10,330.42,0
2026-04-27T12:01:26.370512,team_b,40,189.18,3
2026-04-27T12:00:39.141949,team_b,40,107.28,3
2026-04-27T12:01:19.791532,team_b,3,326.98,2
2026-04-27T12:00:48.729020,team_a,5,179.11,3
2026-04-27T12:01:34.291059,team_b,30,248.8,1
2026-04-27T12:01:01.340880,team_a,2,177.7,2
2026-04-27T12:00:11.206464,team_a,5,151.09,1
2026-04-27T12:00:17.682475,team_a,4,492.77,0
2026-04-27T12:00:54.649940,team_a,20,272.47,1
2026-04-27T12:00:17.708561,team_a,2,400.29,1
2026-04-27T12:00:21.106402,team_b,1,300.83,0
2026-04-27T12:00:54.775419,team_b,40,494.55,2
2026-04-27T12:01:54.004753,team_b,50,416.75,3
2026-04-27T12:01:39.668300,team_b,3,384.64,3
2026-04-27T12:00:54.008371,team_a,5,394.62,3
2026-04-27T12:01:15.209812,team_b,30,84.87,2
2026-04-27T12:00:28.139229,team_b,10,451.86,0
2026-04-27T12:00:16.604887,team_a,20,362.28,1
2026-04-27T12:00:07.707462,team_b,10,294.18,3
2026-04-27T12:00:07.471885,team_b,20,457.18,0
2026-04-27T12:01:42.807844,team_b,30,52.65,2
2026-04-27T12:00:35.833518,team_b,20,292.2,1
2026-04-27T12:00:58.587537,team_b,20,268.54,3
2026-04-27T12:00:40.335545,team_b,3,428.23,1
2026-04-27T12:01:57.686637,team_a,20,316.35,0
2026-04-27T12:00:10.073695,team_b,3,440.08,1
2026-04-27T12:00:06.034156,team_b,10,145.25,2
2026-04-27T12:00:40.500066,team_b,5,388.4,3
2026-04-27T12:00:30.272584,team_a,30,58.72,0
2026-04-27T12:01:59.988939,team_b,4,342.56,0
2026-04-27T12:01:30.507984,team_a,4,427.65,1
2026-04-27T12:00:28.625393,team_b,2,303.79,1
2026-04-27T12:00:55.804078,team_b,10,125.51,0
2026-04-27T12:01:33.335026,team_a,5,98.64,0
2026-04-27T12:01:51.466460,team_b,20,473.66,1
2026-04-27T12:00:09.119577,team_a,2,363.74,2
2026-04-27T12:01:42.035189,team_a,50,402.19,2
2026-04-27T12:01:03.929429,team_b,2,277.68,2
2026-04-27T12:00:01.518258,team_b,30,97.49,2
2026-04-27T12:01:16.270213,team_b,3,245.97,2
2026-04-27T12:01:13.909482,team_b,30,246.01,2
2026-04-27T12:00:38.676550,team_a,2,175.52,3
2026-04-27T12:00:29.263613,team_b,50,324.65,3
2026-04-27T12:00:40.367594,team_b,10,131.83,1
2026-04-27T12:00:42.578996,team_b,10,175.85,2
2026-04-27T12:01:06.694923,team_a,2,158.61,3
2026-04-27T12:00:58.629342,team_a,30,340.66,3
2026-04-27T12:00:53.780946,team_a,2,182.41,3
2026-04-27T12:01:23.014459,team_b,50,216.06,2
2026-04-27T12:00:51.060458,team_b,10,366.28,2
2026-04-27T12:00:36.794759,team_a,2,374.58,2
2026-04-27T12:00:14.346569,team_a,4,147.37,3
2026-04-27T12:00:33.179955,team_b,2,424.68,2
2026-04-27T12:00:27.297980,team_a,5,56.37,1
2026-04-27T12:00:32.917359,team_a,40,181.46,1
2026-04-27T12:01:16.544359,team_b,2,442.72,2
2026-04-27T12:00:56.327633,team_b,10,132.96,0
2026-04-27T12:00:30.297407,team_b,2,419.95,3
2026-04-27T12:00:59.009587,team_a,3,117.14,2
2026-04-27T12:00:10.221709,team_a,2,301.13,3
2026-04-27T12:01:12.758118,team_a,40,221.17,3
2026-04-27T12:00:35.682376,team_b,5,305.88,0
2026-04-27T12:01:13.155709,team_a,4,331.48,2
2026-04-27T12:01:19.251376,team_a,4,128.22,0
2026-04-27T12:00:18.783914,team_b,30,360.22,3
2026-04-27T12:00:34.951115,team_a,5,368.13,3
2026-04-27T12:00:08.541571,team_a,5,404.52,1
2026-04-27T12:00:51.016676,team_a,3,458.79,1
2026-04-27T12:00:08.569180,team_a,5,317.77,2
2026-04-27T12:00:52.698414,team_b,5,364.88,2
2026-04-27T12:01:00.056661,team_b,30,86.2,0
2026-04-27T12:01:46.730747,team_b,50,162.67,0
2026-04-27T12:00:27.470930,team_a,5,309.31,1
2026-04-27T12:00:56.460099,team_b,5,131.67,3
2026-04-27T12:01:16.174166,team_b,2,261.5,3
2026-04-27T12:00:39.997007,team_a,3,198.41,3
2026-04-27T12:00:34.586135,team_b,40,66.51,0
2026-04-27T12:00:37.742059,team_b,2,486.58,3
2026-04-27T12:01:43.789270,team_a,40,257.89,0
2026-04-27T12:00:22.509905,team_b,50,390.4,3
2026-04-27T12:01:31.198864,team_a,5,297.15,2
2026-04-27T12:00:52.573931,team_b,2,62.99,1
2026-04-27T12:01:25.173939,team_b,40,56.15,3
2026-04-27T12:00:11.185104,team_a,30,476.18,1
2026-04-27T12:00:59.805061,team_b,40,367.44,3
2026-04-27T12:01:40.166873,team_b,4,255.55,1
2026-04-27T12:00:46.030322,team_a,2,174.31,3
2026-04-27T12:00:40.785029,team_b,1,177.28,2
2026-04-27T12:01:40.497111,team_b,3,250.95,3
2026-04-27T12:00:41.414873,team_b,30,469.78,1
2026-04-27T12:01:57.692956,team_a,50,222.34,3
2026-04-27T12:00:05.237676,team_b,20,223.74,1
2026-04-27T12:00:59.439438,team_a,3,276.03,2
2026-04-27T12:01:44.364038,team_b,2,286.68,3
2026-04-27T12:00:01.841712,team_a,20,441.92,1
2026-04-27T12:00:08.979390,team_b,10,330.47,3
2026-04-27T12:01:17.980398,team_b,40,221.0,2
2026-04-27T12:01:15.215901,team_b,40,66.15,0
2026-04-27T12:00:28.172429,team_b,4,386.04,3
2026-04-27T12:01:57.400527,team_a,30,124.86,2
2026-04-27T12:01:48.410887,team_a,10,408.26,2
2026-04-27T12:00:43.015601,team_b,3,159.89,3
2026-04-27T12:01:07.911367,team_a,3,128.78,3
2026-04-27T12:01:14.365244,team_a,30,460.77,1
2026-04-27T12:00:27.862613,team_b,30,164.9,0
2026-04-27T12:01:47.869024,team_b,5,354.92,1
2026-04-27T12:00:08.863428,team_b,50,184.62,3
2026-04-27T12:01:22.837621,team_b,5,139.65,3
2026-04-27T12:01:42.400255,team_a,4,221.61,2
2026-04-27T12:01:08.977432,team_b,1,490.08,3
2026-04-27T12:00:32.937646,team_a,50,385.33,2
2026-04-27T12:01:33.088918,team_a,50,410.87,1
2026-04-27T12:01:16.394145,team_b,3,332.71,0
2026-04-27T12:00:37.071946,team_b,1,310.81,1
2026-04-27T12:00:10.816005,team_b,10,386.37,1
2026-04-27T12:00:24.095375,team_b,40,275.81,2
2026-04-27T12:01:39.656714,team_b,30,485.32,2
2026-04-27T12:01:29.587122,team_b,2,260.75,0
2026-04-27T12:00:16.890842,team_a,20,485.27,2
2026-04-27T12:00:10.836345,team_b,1,169.01,0
2026-04-27T12:00:54.574323,team_b,50,221.46,2
2026-04-27T12:00:13.001532,team_a,30,61.26,2
2026-04-27T12:01:49.830709,team_a,2,335.93,3
2026-04-27T12:01:49.126517,team_b,20,102.5,0
2026-04-27T12:01:53.551384,team_b,30,102.25,1
2026-04-27T12:01:46.471117,team_a,20,254.14,3
2026-04-27T12:01:10.480841,team_a,20,344.71,3
2026-04-27T12:01:13.878266,team_b,1,360.63,1
2026-04-27T12:00:53.205970,team_a,10,94.71,2
2026-04-27T12:01:05.335903,team_b,1,229.16,1
2026-04-27T12:01:56.184825,team_b,2,348.25,0
2026-04-27T12:00:06.069421,team_b,4,494.97,1
2026-04-27T12:00:08.233218,team_a,50,147.18,1
2026-04-27T12:00:39.427146,team_a,50,51.28,1
2026-04-27T12:01:58.503277,team_b,3,99.47,0
2026-04-27T12:00:15.816388,team_b,4,314.98,0
2026-04-27T12:00:20.909544,team_a,3,383.77,0
2026-04-27T12:01:29.479833,team_b,30,400.11,0
2026-04-27T12:00:54.240650,team_a,50,69.51,2
2026-04-27T12:00:54.965103,team_a,1,499.36,3
2026-04-27T12:00:51.152834,team_a,30,370.58,3
2026-04-27T12:00:08.818886,team_a,10,323.73,0
2026-04-27T12:00:15.142991,team_b,20,497.58,2
2026-04-27T12:00:54.445850,team_b,2,406.89,0
2026-04-27T12:01:42.335128,team_a,20,253.2,1
2026-04-27T12:00:49.657629,team_b,20,237.2,0
2026-04-27T12:00:37.505802,team_b,5,218.44,1
2026-04-27T12:01:22.418524,team_b,2,91.05,0
2026-04-27T12:00:11.187612,team_a,10,415.3,0
2026-04-27T12:01:10.375810,team_b,2,234.86,3
2026-04-27T12:01:44.171058,team_a,5,320.18,2
2026-04-27T12:00:12.432068,team_a,3,345.53,1
2026-04-27T12:01:41.672982,team_b,40,215.4,2
2026-04-27T12:01:08.892001,team_b,40,488.55,0
2026-04-27T12:01:13.079390,team_b,1,131.19,2
2026-04-27T12:01:50.584503,team_b,1,131.63,1
2026-04-27T12:01:07.958531,team_b,2,113.84,0
2026-04-27T12:00:11.010922,team_a,20,238.92,2
2026-04-27T12:00:18.889113,team_b,10,399.58,0
2026-04-27T12:01:46.001062,team_a,3,389.5,0
2026-04-27T12:01:20.876245,team_b,30,347.87,3
2026-04-27T12:01:12.849121,team_b,5,147.01,0
2026-04-27T12:00:41.420743,team_a,5,355.2,3
2026-04-27T12:01:03.232093,team_b,1,149.23,0
2026-04-27T12:00:00.922450,team_b,4,395.31,2
2026-04-27T12:00:34.733656,team_a,1,273.82,3
2026-04-27T12:00:21.083376,team_b,40,366.65,2
2026-04-27T12:00:08.649060,team_a,20,58.43,0
2026-04-27T12:01:43.453202,team_b,50,231.99,3
2026-04-27T12:00:34.741825,team_b,1,484.79,1
2026-04-27T12:01:36.158659,team_b,10,89.66,0
2026-04-27T12:00:29.197977,team_b,40,85.39,2
2026-04-27T12:01:29.496579,team_a,10,400.6,0
2026-04-27T12:01:01.257994,team_a,40,279.48,2
2026-04-27T12:00:42.131968,team_a,4,96.26,2
2026-04-27T12:00:23.672616,team_a,2,129.72,3
2026-04-27T12:00:55.674368,team_b,50,339.35,2
2026-04-27T12:01:43.709625,team_b,3,247.89,3
2026-04-27T12:00:53.064968,team_b,5,316.14,2
2026-04-27T12:01:00.880426,team_b,30,253.36,0
2026-04-27T12:00:44.248512,team_b,2,340.1,0
2026-04-27T12:01:13.801007,team_b,30,311.15,0
2026-04-27T12:00:53.968044,team_a,10,322.25,1
2026-04-27T12:01:54.926683,team_b,2,414.94,2
2026-04-27T12:01:57.886270,team_a,40,340.76,0
2026-04-27T12:00:29.729247,team_b,30,285.83,1
2026-04-27T12:00:43.667755,team_b,20,233.95,2
2026-04-27T12:01:21.467726,team_a,10,79.66,0
2026-04-27T12:01:06.955585,team_b,5,163.4,1
2026-04-27T12:00:40.003444,team_a,10,189.6,3
2026-04-27T12:00:15.474199,team_a,5,301.51,2
2026-04-27T12:01:37.582174,team_a,20,278.82,0
2026-04-27T12:00:43.511720,team_a,4,203.78,3
2026-04-27T12:00:23.040628,team_a,3,84.72,0
2026-04-27T12:01:00.922766,team_a,10,444.38,1
2026-04-27T12:01:11.669573,team_a,3,131.38,1
2026-04-27T12:01:26.541960,team_a,20,213.93,1
2026-04-27T12:01:56.350632,team_b,30,155.3,1
2026-04-27T12:00:37.136148,team_b,4,215.53,3
2026-04-27T12:00:55.401597,team_b,20,276.31,3
2026-04-27T12:01:55.952178,team_a,50,112.28,2
2026-04-27T12:00:06.261576,team_b,10,299.54,0
2026-04-27T12:01:25.368117,team_a,5,87.74,1
2026-04-27T12:00:32.734956,team_a,20,91.27,1
2026-04-27T12:01:38.004391,team_b,1,236.7,3
2026-04-27T12:01:00.240854,team_a,20,497.54,2
2026-04-27T12:00:26.944651,team_b,2,427.63,2
2026-04-27T12:01:34.965676,team_a,1,179.1,3
2026-04-27T12:01:23.528639,team_a,30,251.87,0
2026-04-27T12:01:48.702899,team_a,5,147.04,1
2026-04-27T12:01:05.856509,team_b,2,399.28,1
2026-04-27T12:00:36.138143,team_a,4,238.92,3
2026-04-27T12:00:07.536858,team_b,50,291.22,1
2026-04-27T12:01:26.225319,team_b,20,50.7,2
2026-04-27T12:00:28.867709,team_b,3,348.97,0
2026-04-27T12:01:02.818147,team_b,2,479.03,0
2026-04-27T12:00:46.854448,team_b,1,336.05,2
2026-04-27T12:00:30.438031,team_a,10,404.83,2
2026-04-27T12:00:28.935111,team_a,50,380.83,2
2026-04-27T12:00:16.009151,team_b,40,202.35,1
2026-04-27T12:01:39.646039,team_b,30,334.28,1
2026-04-27T12:00:07.572064,team_b,1,182.05,0
2026-04-27T12:01:34.933106,team_a,10,470.02,3
2026-04-27T12:01:58.694724,team_b,5,66.48,1
2026-04-27T12:00:34.333307,team_a,10,172.95,2
2026-04-27T12:00:52.434166,team_b,30,452.59,3
2026-04-27T12:00:40.684395,team_a,30,361.43,2
2026-04-27T12:01:50.917256,team_b,2,377.19,0
2026-04-27T12:00:51.672858,team_a,40,182.19,0
2026-04-27T12:00:09.608269,team_b,5,250.66,3
2026-04-27T12:00:19.997373,team_b,10,251.21,2
2026-04-27T12:01:13.782178,team_b,5,337.76,0
2026-04-27T12:00:09.004940,team_b,10,280.89,1
2026-04-27T12:01:54.334728,team_a,50,355.14,3
2026-04-27T12:00:04.175876,team_a,4,400.33,2
2026-04-27T12:00:43.458070,team_a,50,119.05,3
2026-04-27T12:01:53.858824,team_b,30,393.39,1
2026-04-27T12:01:03.535186,team_b,10,342.3,1
2026-04-27T12:01:55.262406,team_a,3,274.57,3
2026-04-27T12:01:49.625101,team_a,5,398.73,3
2026-04-27T12:00:25.748451,team_b,30,140.08,1
2026-04-27T12:01:42.339155,team_b,3,454.41,3
2026-04-27T12:01:59.671488,team_b,10,369.29,2
2026-04-27T12:01:46.959802,team_a,3,407.16,1
2026-04-27T12:00:14.563495,team_a,3,156.53,3
2026-04-27T12:00:03.154083,team_b,30,411.65,1
2026-04-27T12:01:13.433804,team_a,2,189.18,3
2026-04-27T12:01:03.083479,team_b,50,83.19,2
2026-04-27T12:01:17.080631,team_b,30,356.05,2
2026-04-27T12:00:15.400153,team_a,3,244.68,0
2026-04-27T12:01:39.766897,team_a,5,124.1,2
2026-04-27T12:01:52.168540,team_a,10,476.37,2
2026-04-27T12:01:41.512045,team_b,4,335.78,2
2026-04-27T12:00:15.020435,team_b,50,290.07,1
2026-04-27T12:01:11.017013,team_a,3,346.43,2
2026-04-27T12:01:41.103600,team_a,1,86.55,2
2026-04-27T12:01:18.135597,team_b,50,337.55,3
2026-04-27T12:01:46.679626,team_b,5,267.33,3
2026-04-27T12:00:35.692065,team_a,1,121.14,3
2026-04-27T12:00:58.110136,team_a,10,323.0,2
2026-04-27T12:01:43.378209,team_b,10,488.92,1
2026-04-27T12:01:31.279799,team_a,10,158.78,0
2026-04-27T12:00:32.096601,team_a,3,93.57,2
2026-04-27T12:01:53.446187,team_b,4,483.21,1
2026-04-27T12:01:37.617342,team_b,4,393.4,3
2026-04-27T12:01:59.516329,team_b,30,445.58,3
2026-04-27T12:00:02.781156,team_b,40,255.75,1
2026-04-27T12:00:25.817331,team_b,1,72.74,3
2026-04-27T12:01:11.702253,team_b,5,291.51,0
2026-04-27T12:00:51.711332,team_b,10,393.74,2
2026-04-27T12:00:05.429087,team_a,50,302.82,2
2026-04-27T12:01:06.386751,team_a,20,276.91,2
2026-04-27T12:01:39.037358,team_a,3,488.79,3
2026-04-27T12:00:44.783800,team_b,40,472.53,1
2026-04-27T12:00:23.886946,team_b,40,68.11,0
2026-04-27T12:00:16.444365,team_b,30,283.7,1
2026-04-27T12:01:12.751263,team_a,10,469.12,2
2026-04-27T12:00:19.500246,team_b,50,201.37,3
2026-04-27T12:01:25.048777,team_b,30,417.09,2
2026-04-27T12:00:39.748751,team_a,20,312.67,0
2026-04-27T12:01:11.629154,team_b,50,309.94,0
2026-04-27T12:01:10.022793,team_a,40,333.06,3
2026-04-27T12:00:17.733085,team_a,1,307.66,0
2026-04-27T12:00:22.894119,team_b,10,238.45,3
2026-04-27T12:01:22.860031,team_b,40,398.74,3
2026-04-27T12:01:44.738125,team_a,3,283.41,2
2026-04-27T12:01:59.774744,team_b,40,219.57,1
2026-04-27T12:00:55.159624,team_b,40,209.43,2
2026-04-27T12:01:13.209190,team_a,4,175.55,2
2026-04-27T12:00:26.984045,team_b,5,367.21,3
2026-04-27T12:00:38.044889,team_b,40,470.17,2
2026-04-27T12:00:34.534725,team_b,20,418.27,1
2026-04-27T12:00:34.854318,team_b,2,205.86,3
2026-04-27T12:01:18.716646,team_b,4,140.93,2
2026-04-27T12:01:51.962872,team_b,3,99.15,1
2026-04-27T12:00:29.094965,team_a,4,73.62,3
2026-04-27T12:00:39.635235,team_b,2,356.54,1
2026-04-27T12:00:00.621774,team_a,20,343.8,3
2026-04-27T12:00:57.293822,team_a,5,194.53,0
2026-04-27T12:01:48.952435,team_a,50,154.5,0
2026-04-27T12:01:49.587567,team_a,20,447.01,1
2026-04-27T12:01:52.070713,team_a,20,404.58,1
2026-04-27T12:01:52.393049,team_b,1,54.17,0
2026-04-27T12:01:51.414582,team_b,5,254.46,3
2026-04-27T12:01:46.711196,team_a,40,260.61,1
2026-04-27T12:01:37.057665,team_b,3,379.0,2
2026-04-27T12:01:26.231781,team_a,10,405.85,1
2026-04-27T12:00:21.059390,team_b,20,281.88,0
2026-04-27T12:00:48.099990,team_a,3,491.76,3
2026-04-27T12:00:38.832200,team_a,1,167.35,1
2026-04-27T12:00:53.608263,team_b,10,185.88,0
2026-04-27T12:00:31.386378,team_b,4,77.96,0
2026-04-27T12:00:55.847399,team_a,20,358.73,2
2026-04-27T12:01:22.834845,team_b,10,326.58,1
2026-04-27T12:01:54.883264,team_b,3,254.74,2
2026-04-27T12:00:49.901474,team_b,40,410.9,1
2026-04-27T12:01:31.423154,team_a,40,251.04,2
2026-04-27T12:00:09.372327,team_a,1,422.95,1
2026-04-27T12:01:08.724201,team_a,3,197.65,3
2026-04-27T12:00:13.948803,team_a,50,269.97,3
2026-04-27T12:01:37.043050,team_b,3,280.96,3
2026-04-27T12:01:07.669342,team_b,5,375.48,3
2026-04-27T12:00:30.534866,team_a,4,310.24,0
2026-04-27T12:00:50.843686,team_a,40,497.36,0
2026-04-27T12:01:58.336470,team_b,1,179.19,1
2026-04-27T12:01:32.276648,team_b,10,496.79,3
2026-04-27T12:00:53.824456,team_b,20,86.11,1
2026-04-27T12:01:18.424092,team_b,2,130.31,3
2026-04-27T12:01:03.461105,team_a,1,390.28,2
2026-04-27T12:00:55.560468,team_b,40,220.67,1
2026-04-27T12:00:29.701445,team_b,3,174.04,0
2026-04-27T12:00:03.866078,team_b,50,394.72,0
2026-04-27T12:00:28.879955,team_a,2,317.27,3
2026-04-27T12:01:11.734188,team_a,4,383.24,3
2026-04-27T12:00:52.675537,team_a,1,113.06,2
2026-04-27T12:00:28.099382,team_b,50,319.06,2
2026-04-27T12:00:28.428484,team_a,40,149.47,2
2026-04-27T12:00:33.018470,team_a,20,300.13,0
2026-04-27T12:01:56.674828,team_b,40,193.43,3
2026-04-27T12:00:48.991101,team_b,20,132.75,3
2026-04-27T12:00:28.916183,team_a,5,435.89,1
2026-04-27T12:01:36.693139,team_a,40,235.7,3
2026-04-27T12:01:06.874411,team_a,20,159.29,1
2026-04-27T12:00:39.631559,team_a,30,431.21,0
2026-04-27T12:01:04.276264,team_a,1,170.81,0
2026-04-27T12:01:44.834455,team_a,50,375.94,1
2026-04-27T12:00:57.527305,team_b,5,480.66,0
2026-04-27T12:00:25.416933,team_a,2,386.1,3
2026-04-27T12:01:49.732956,team_a,20,461.81,2
2026-04-27T12:01:33.061666,team_b,30,290.14,2
2026-04-27T12:00:37.010674,team_b,40,447.27,3
2026-04-27T12:00:11.832988,team_b,10,461.45,2
2026-04-27T12:00:37.550642,team_a,50,438.84,1
2026-04-27T12:00:01.946388,team_b,5,118.59,2
2026-04-27T12:00:27.602235,team_a,30,297.79,2
2026-04-27T12:00:30.879211,team_b,30,257.37,2
2026-04-27T12:00:20.311885,team_b,3,462.6,0
2026-04-27T12:01:02.873330,team_a,1,393.95,3
2026-04-27T12:00:16.498984,team_a,2,368.23,0
2026-04-27T12:00:26.246361,team_b,10,77.2,3
2026-04-27T12:01:19.114121,team_a,1,289.5,3
2026-04-27T12:00:01.422116,team_b,40,489.87,0
2026-04-27T12:01:00.265924,team_b,3,98.16,0
2026-04-27T12:01:02.926248,team_a,4,328.9,2
2026-04-27T12:01:37.825727,team_b,20,85.56,3
2026-04-27T12:00:55.079729,team_a,4,184.99,0
2026-04-27T12:01:18.448286,team_a,2,232.38,3
2026-04-27T12:01:06.324173,team_a,1,366.28,0
2026-04-27T12:00:59.983007,team_b,10,304.64,0
2026-04-27T12:01:47.374945,team_a,4,145.14,3
2026-04-27T12:00:32.531406,team_a,5,454.69,0
2026-04-27T12:00:21.522540,team_b,1,482.66,1
2026-04-27T12:01:30.270536,team_b,2,184.67,1
2026-04-27T12:01:08.003510,team_b,40,199.28,1
2026-04-27T12:01:34.859770,team_a,40,385.46,2
2026-04-27T12:00:06.443572,team_b,4,427.4,2
2026-04-27T12:01:12.620249,team_b,10,63.33,2
2026-04-27T12:01:34.025777,team_b,30,152.66,3
2026-04-27T12:00:51.821754,team_b,2,397.48,2
2026-04-27T12:01:35.766621,team_a,2,170.59,3
2026-04-27T12:01:25.401259,team_a,20,192.51,0
2026-04-27T12:00:10.982451,team_b,30,211.96,2
2026-04-27T12:00:12.267770,team_a,3,243.94,3
2026-04-27T12:00:12.395151,team_a,10,299.4,2
2026-04-27T12:01:43.646181,team_a,5,236.21,0
2026-04-27T12:01:26.981261,team_a,50,284.5,3
2026-04-27T12:00:20.340209,team_b,5,170.78,1
2026-04-27T12:00:07.592058,team_b,5,239.5,3
2026-04-27T12:01:33.919995,team_b,5,474.9,3
2026-04-27T12:01:11.256768,team_a,30,98.14,2
2026-04-27T12:00:00.812084,team_b,10,428.73,3
2026-04-27T12:01:36.489175,team_b,30,200.63,1
2026-04-27T12:00:36.052234,team_a,30,191.38,3
2026-04-27T12:01:56.247027,team_b,30,485.49,1
2026-04-27T12:00:39.106348,team_b,20,214.26,1
2026-04-27T12:01:11.067244,team_a,40,62.11,3
2026-04-27T12:01:53.156990,team_a,30,408.96,0
2026-04-27T12:01:38.275868,team_b,30,112.63,2
2026-04-27T12:00:29.042540,team_a,20,405.08,0
2026-04-27T12:00:53.888007,team_b,50,230.36,3
2026-04-27T12:01:05.237424,team_b,40,317.22,0
2026-04-27T12:00:13.124331,team_a,10,124.85,0
2026-04-27T12:01:07.586435,team_b,10,484.57,3
2026-04-27T12:00:12.713346,team_a,5,149.9,1
2026-04-27T12:00:53.493426,team_b,30,397.55,1
2026-04-27T12:00:41.396087,team_a,30,97.05,3
2026-04-27T12:01:50.465705,team_a,2,424.09,1
2026-04-27T12:00:41.799438,team_b,30,402.92,3
2026-04-27T12:00:41.796036,team_a,30,374.9,3
2026-04-27T12:00:38.269137,team_b,1,414.58,0
2026-04-27T12:00:02.710214,team_b,2,354.71,1
2026-04-27T12:01:51.590694,team_a,40,128.5,1
2026-04-27T12:00:39.718759,team_b,30,154.33,3
2026-04-27T12:01:15.571238,team_a,20,228.01,1
2026-04-27T12:00:53.949001,team_b,20,52.0,1
2026-04-27T12:00:24.694138,team_a,50,95.79,1
2026-04-27T12:00:43.895164,team_a,30,101.28,3
2026-04-27T12:01:03.325802,team_b,50,224.89,3
2026-04-27T12:01:10.440566,team_b,10,430.48,1
2026-04-27T12:01:37.648591,team_b,50,315.58,1
2026-04-27T12:00:37.582289,team_a,5,102.63,2
2026-04-27T12:01:23.212385,team_b,20,318.39,3
2026-04-27T12:00:50.764654,team_b,40,362.04,1
2026-04-27T12:01:06.589509,team_b,5,113.13,2
2026-04-27T12:01:41.038226,team_a,10,478.33,3
2026-04-27T12:00:16.384166,team_b,40,277.45,3
2026-04-27T12:00:49.096122,team_b,20,369.56,3
2026-04-27T12:00:58.643941,team_a,50,63.89,1
2026-04-27T12:00:35.050789,team_b,4,291.92,1
2026-04-27T12:01:33.688824,team_b,40,279.86,0
2026-04-27T12:00:32.146669,team_b,40,420.17,0
2026-04-27T12:01:31.200496,team_b,40,148.34,3
2026-04-27T12:00:12.289973,team_a,5,443.66,0
2026-04-27T12:00:53.967881,team_b,2,247.58,0
2026-04-27T12:01:33.075798,team_a,4,414.82,2
2026-04-27T12:01:43.325844,team_b,3,327.27,1
2026-04-27T12:01:37.623584,team_a,50,207.87,2
2026-04-27T12:01:11.622922,team_a,10,490.55,2
2026-04-27T12:00:34.719989,team_b,40,493.47,0
2026-04-27T12:00:16.270669,team_b,1,496.62,1
2026-04-27T12:01:24.171183,team_a,4,115.81,2
2026-04-27T12:01:39.417816,team_b,30,113.98,2
2026-04-27T12:01:15.337538,team_b,30,83.98,0
2026-04-27T12:00:48.342093,team_b,10,254.61,3
2026-04-27T12:00:39.274714,team_a,2,378.92,3
2026-04-27T12:01:16.180865,team_b,2,408.06,3
2026-04-27T12:00:26.139592,team_b,4,272.62,2
2026-04-27T12:01:39.401234,team_b,40,310.07,3
2026-04-27T12:01:34.596438,team_a,1,94.81,3
2026-04-27T12:00:01.953762,team_a,30,255.43,3
2026-04-27T12:00:24.278185,team_a,5,121.54,2
2026-04-27T12:00:11.200798,team_b,5,87.09,1
2026-04-27T12:00:06.214473,team_b,4,243.15,0
2026-04-27T12:01:24.443765,team_a,4,264.56,1
2026-04-27T12:01:11.241540,team_b,1,53.63,2
2026-04-27T12:01:38.053083,team_b,3,264.97,1
2026-04-27T12:00:45.968391,team_a,2,191.01,2
2026-04-27T12:00:16.455515,team_a,3,80.79,0
2026-04-27T12:01:13.238309,team_a,30,208.03,1
2026-04-27T12:01:15.369605,team_a,20,327.23,3
2026-04-27T12:01:43.195503,team_a,2,113.01,0
2026-04-27T12:01:10.748870,team_b,10,483.46,2
2026-04-27T12:01:34.929199,team_a,5,340.08,1
2026-04-27T12:01:06.407596,team_b,1,431.55,2
2026-04-27T12:00:24.653486,team_a,20,182.99,0
2026-04-27T12:01:34.056192,team_a,30,223.65,1
2026-04-27T12:00:59.949905,team_a,40,449.93,0
2026-04-27T12:01:58.425904,team_b,3,224.08,3
2026-04-27T12:00:43.849496,team_a,30,479.5,0
2026-04-27T12:00:02.002728,team_a,1,167.98,0
2026-04-27T12:01:50.709515,team_b,40,178.92,3
2026-04-27T12:00:50.829028,team_b,2,338.24,1
2026-04-27T12:00:33.296128,team_b,2,280.09,1
2026-04-27T12:01:56.917606,team_a,40,197.04,0
2026-04-27T12:00:37.220339,team_b,4,76.06,0
2026-04-27T12:01:50.955331,team_a,30,325.53,0
2026-04-27T12:00:37.114808,team_a,2,55.7,1
2026-04-27T12:01:24.179953,team_a,30,478.86,2
2026-04-27T12:00:20.035555,team_a,5,379.82,0
2026-04-27T12:01:32.571635,team_a,10,413.2,2
2026-04-27T12:01:02.862505,team_b,50,332.39,3
2026-04-27T12:00:54.623733,team_b,1,274.82,1
2026-04-27T12:00:44.122533,team_b,2,452.42,0
2026-04-27T12:00:27.408531,team_a,1,436.41,0
2026-04-27T12:00:29.346174,team_b,10,222.34,1
2026-04-27T12:00:21.475312,team_a,40,411.4,3
2026-04-27T12:00:26.941838,team_a,20,462.13,2
2026-04-27T12:00:32.550955,team_a,50,217.76,0
2026-04-27T12:00:21.521322,team_a,20,81.02,3
2026-04-27T12:01:43.923868,team_b,10,88.87,3
2026-04-27T12:00:00.956301,team_a,5,303.71,2
2026-04-27T12:01:28.749118,team_a,30,215.72,3
2026-04-27T12:01:59.734454,team_a,40,392.22,1
2026-04-27T12:00:18.067965,team_b,1,154.85,2
2026-04-27T12:01:16.313021,team_a,10,50.66,3
2026-04-27T12:01:41.880719,team_b,2,142.34,1
2026-04-27T12:00:50.377901,team_a,3,370.24,0
2026-04-27T12:00:05.268032,team_a,40,235.88,2
2026-04-27T12:00:55.014963,team_a,50,93.01,1
2026-04-27T12:01:16.465882,team_b,2,316.35,0
2026-04-27T12:00:52.197945,team_a,4,181.25,2
2026-04-27T12:01:51.125034,team_b,10,193.13,2
2026-04-27T12:00:28.033347,team_a,3,400.97,0
2026-04-27T12:00:18.649266,team_a,30,259.72,3
2026-04-27T12:00:14.488408,team_b,4,253.36,3
2026-04-27T12:00:31.800951,team_a,2,120.93,2
2026-04-27T12:01:39.166403,team_a,4,426.17,2
2026-04-27T12:00:17.798856,team_a,10,228.31,0
2026-04-27T12:01:21.262005,team_b,3,63.99,3
2026-04-27T12:01:42.552157,team_a,2,257.92,1
2026-04-27T12:00:14.574391,team_a,4,108.82,3
2026-04-27T12:00:44.668769,team_a,50,313.75,0
2026-04-27T12:00:02.616022,team_a,4,456.12,3
2026-04-27T12:01:37.115840,team_a,10,105.14,3
2026-04-27T12:00:06.076524,team_b,20,273.26,3
2026-04-27T12:01:21.985550,team_a,10,146.62,1
2026-04-27T12:00:32.997812,team_b,3,65.59,1
2026-04-27T12:01:17.673408,team_b,20,447.25,3
2026-04-27T12:00:07.317488,team_b,20,111.76,1
2026-04-27T12:01:17.118303,team_a,40,407.68,3
2026-04-27T12:01:33.829892,team_b,30,295.03,3
2026-04-27T12:00:41.284094,team_b,20,171.7,0
2026-04-27T12:00:38.265308,team_a,1,453.09,2
2026-04-27T12:00:07.030948,team_b,40,210.84,1
2026-04-27T12:01:56.877583,team_a,4,345.59,2
2026-04-27T12:01:04.042748,team_a,4,309.06,3
2026-04-27T12:00:42.576556,team_a,3,156.45,2
2026-04-27T12:01:36.745227,team_b,50,62.69,2
2026-04-27T12:01:53.707048,team_a,50,476.77,3
2026-04-27T12:01:05.054952,team_a,30,67.08,0
2026-04-27T12:00:27.914803,team_a,1,286.9,0
2026-04-27T12:00:39.808079,team_a,3,203.34,1
2026-04-27T12:01:50.253694,team_b,1,59.86,1
2026-04-27T12:01:32.923980,team_b,2,218.12,3
2026-04-27T12:01:10.322000,team_b,5,195.17,1
2026-04-27T12:01:27.882243,team_b,30,342.13,1
2026-04-27T12:01:24.861951,team_b,4,349.49,1
2026-04-27T12:00:45.406093,team_b,3,129.97,0
2026-04-27T12:01:53.854573,team_b,50,64.57,2
2026-04-27T12:01:50.524586,team_a,50,96.85,3
2026-04-27T12:00:16.877204,team_a,4,206.06,2
2026-04-27T12:00:20.146490,team_a,10,250.98,2
2026-04-27T12:00:25.162114,team_a,10,165.5,0
2026-04-27T12:01:26.449631,team_a,20,247.2,3
2026-04-27T12:01:56.292219,team_b,30,446.8,2
2026-04-27T12:01:05.522876,team_a,30,404.93,1
2026-04-27T12:00:19.518781,team_a,1,182.71,2
2026-04-27T12:00:31.335325,team_a,2,203.81,3
2026-04-27T12:00:19.308539,team_a,40,473.83,0
2026-04-27T12:00:40.554070,team_b,1,244.1,1
2026-04-27T12:01:12.878115,team_b,3,74.1,2
2026-04-27T12:00:24.666057,team_a,20,363.74,2
2026-04-27T12:01:19.271747,team_b,4,93.16,3
2026-04-27T12:01:08.612377,team_b,3,74.53,0
2026-04-27T12:00:51.312715,team_b,50,266.15,0
2026-04-27T12:00:03.088283,team_a,5,489.68,3
2026-04-27T12:01:41.252289,team_b,20,261.93,2
2026-04-27T12:00:10.936425,team_b,3,216.96,3
2026-04-27T12:00:44.328200,team_b,1,168.48,3
2026-04-27T12:00:31.608097,team_b,50,77.74,0
2026-04-27T12:00:10.284877,team_b,40,236.29,1
2026-04-27T12:01:06.432229,team_b,40,238.38,3
2026-04-27T12:01:08.725715,team_a,30,184.48,3
2026-04-27T12:01:48.333264,team_a,40,307.05,1
2026-04-27T12:00:14.433825,team_b,3,477.08,1
2026-04-27T12:01:56.659785,team_a,3,69.2,0
2026-04-27T12:01:58.593592,team_b,4,498.77,1
2026-04-27T12:01:40.092974,team_b,10,459.86,0
2026-04-27T12:00:10.443293,team_b,40,196.76,2
2026-04-27T12:01:02.362581,team_a,50,314.41,3
2026-04-27T12:00:13.502261,team_a,3,304.97,0
2026-04-27T12:01:50.991380,team_a,5,440.36,2
2026-04-27T12:01:45.347228,team_b,20,344.65,3
2026-04-27T12:00:04.495880,team_b,20,114.73,3
2026-04-27T12:00:04.653904,team_b,4,72.18,3
2026-04-27T12:01:50.500198,team_b,1,202.04,2
2026-04-27T12:00:37.313916,team_b,2,487.62,1
2026-04-27T12:00:16.126263,team_b,10,171.24,3
2026-04-27T12:01:12.597496,team_a,4,248.77,3
2026-04-27T12:01:28.913376,team_b,1,281.87,1
2026-04-27T12:00:07.874036,team_b,3,401.23,0
2026-04-27T12:00:20.848483,team_a,1,162.27,3
2026-04-27T12:00:06.067114,team_b,4,173.29,3
2026-04-27T12:01:00.615165,team_a,1,158.87,3
2026-04-27T12:01:11.285231,team_a,30,314.1,2
2026-04-27T12:00:41.309880,team_b,2,178.28,3
2026-04-27T12:00:05.958125,team_a,4,341.32,1
2026-04-27T12:00:32.290030,team_b,40,59.02,0
2026-04-27T12:00:56.891665,team_a,3,320.51,0
2026-04-27T12:00:26.852404,team_b,5,240.71,3
2026-04-27T12:01:42.190341,team_b,5,148.19,2
2026-04-27T12:01:21.263539,team_b,50,96.04,2
2026-04-27T12:01:07.374854,team_b,5,357.99,3
2026-04-27T12:00:07.660446,team_b,10,437.67,2
2026-04-27T12:01:18.734353,team_b,4,117.47,1
2026-04-27T12:01:47.962445,team_b,10,356.34,0
2026-04-27T12:01:18.648068,team_b,5,458.11,3
2026-04-27T12:00:46.592991,team_a,50,368.63,1
2026-04-27T12:00:41.180046,team_a,40,337.24,3
2026-04-27T12:01:48.783181,team_b,40,185.09,1
2026-04-27T12:01:40.876643,team_a,5,93.92,1
2026-04-27T12:01:28.910267,team_a,10,344.5,1
2026-04-27T12:00:42.634008,team_b,20,404.64,2
2026-04-27T12:00:44.601892,team_b,30,433.05,3
2026-04-27T12:00:06.441235,team_a,30,450.24,0
2026-04-27T12:01:44.099731,team_b,40,184.26,0
2026-04-27T12:01:44.501898,team_a,3,496.56,2
2026-04-27T12:00:49.103022,team_b,3,192.37,1
2026-04-27T12:01:33.472941,team_b,10,333.96,1
2026-04-27T12:00:37.609689,team_a,1,253.42,1
2026-04-27T12:01:31.343194,team_a,50,394.02,3
2026-04-27T12:01:34.225309,team_a,3,326.52,3
2026-04-27T12:00:48.407218,team_b,20,52.1,1
2026-04-27T12:01:27.679088,team_a,10,390.58,1
2026-04-27T12:00:02.149935,team_a,4,151.82,2
2026-04-27T12:00:37.451071,team_a,20,276.5,2
2026-04-27T12:00:20.042422,team_a,5,476.81,3
2026-04-27T12:01:27.339829,team_b,20,449.59,1
2026-04-27T12:00:41.127941,team_b,10,387.55,1
2026-04-27T12:01:53.770122,team_b,1,152.79,1
2026-04-27T12:00:25.342827,team_a,50,277.09,0
2026-04-27T12:00:43.990974,team_a,20,444.44,2
2026-04-27T12:01:32.549960,team_a,50,497.61,0
2026-04-27T12:01:18.428114,team_a,1,360.39,3
2026-04-27T12:00:53.317715,team_a,40,163.73,1
2026-04-27T12:00:24.659390,team_a,5,239.39,0
2026-04-27T12:01:19.497956,team_b,50,322.54,1
2026-04-27T12:00:50.259090,team_a,40,373.44,0
2026-04-27T12:00:33.924812,team_a,30,139.39,1
2026-04-27T12:01:33.355070,team_a,10,366.55,2
2026-04-27T12:00:19.244832,team_b,4,359.69,3
2026-04-27T12:00:39.672434,team_a,1,352.23,0
2026-04-27T12:01:40.227860,team_b,3,477.25,0
2026-04-27T12:01:26.827634,team_a,5,339.95,3
2026-04-27T12:01:58.639912,team_b,5,258.92,0
2026-04-27T12:01:37.581410,team_a,5,212.1,2
2026-04-27T12:00:51.119425,team_a,2,433.06,0
2026-04-27T12:00:01.160679,team_a,3,197.9,3
2026-04-27T12:01:54.610699,team_b,2,217.68,2
2026-04-27T12:00:21.944330,team_b,20,483.04,2
2026-04-27T12:01:40.285001,team_b,20,341.98,1
2026-04-27T12:00:13.566787,team_a,3,96.67,3
2026-04-27T12:01:36.271774,team_b,3,325.1,2
2026-04-27T12:01:13.363010,team_a,30,464.18,0
2026-04-27T12:01:46.511271,team_b,1,78.5,2
2026-04-27T12:00:01.483226,team_a,10,283.59,0
2026-04-27T12:00:51.941749,team_a,30,205.59,3
2026-04-27T12:00:17.838534,team_a,1,339.53,1
2026-04-27T12:01:00.668109,team_b,30,441.24,0
2026-04-27T12:01:30.171600,team_b,4,198.9,2
2026-04-27T12:00:06.042086,team_a,40,339.49,3
2026-04-27T12:01:38.052397,team_a,30,249.88,3
2026-04-27T12:00:10.562383,team_b,30,192.23,3
2026-04-27T12:01:29.428676,team_a,2,231.55,0
2026-04-27T12:01:06.855721,team_a,2,406.3,2
2026-04-27T12:01:46.813308,team_a,30,477.66,2
2026-04-27T12:01:39.037319,team_a,30,199.39,3
2026-04-27T12:01:25.998968,team_b,30,101.31,1
2026-04-27T12:00:00.263634,team_b,5,296.46,2
2026-04-27T12:01:24.251526,team_a,3,271.59,3
2026-04-27T12:00:12.835381,team_a,4,104.34,3
2026-04-27T12:00:25.870741,team_a,10,98.49,3
2026-04-27T12:00:05.580043,team_a,30,255.82,1
2026-04-27T12:01:55.662571,team_a,40,381.3,3
2026-04-27T12:01:40.657933,team_b,40,401.49,1
2026-04-27T12:01:23.018126,team_a,3,96.6,2
2026-04-27T12:01:00.493214,team_b,20,490.78,1
2026-04-27T12:00:32.831506,team_b,5,253.78,1
2026-04-27T12:00:16.581601,team_b,40,437.32,1
2026-04-27T12:00:24.106690,team_b,10,464.54,1
2026-04-27T12:01:57.760260,team_a,40,294.12,2
2026-04-27T12:01:25.242327,team_b,40,266.17,3
2026-04-27T12:01:20.909218,team_b,20,413.74,0
2026-04-27T12:00:03.032657,team_a,1,351.61,1
2026-04-27T12:00:32.037392,team_a,5,357.53,1
2026-04-27T12:01:40.725818,team_b,4,389.12,0
2026-04-27T12:00:43.041892,team_b,2,327.25,1
2026-04-27T12:01:29.089528,team_b,4,279.92,2
2026-04-27T12:01:23.152329,team_a,20,224.4,2
2026-04-27T12:01:55.899986,team_a,1,384.65,1
2026-04-27T12:01:14.467403,team_b,4,460.17,2
2026-04-27T12:01:30.612925,team_a,4,182.38,1
2026-04-27T12:01:58.014399,team_a,3,483.11,0
2026-04-27T12:00:45.263787,team_b,5,300.47,1
2026-04-27T12:00:19.311462,team_b,1,198.75,1
2026-04-27T12:00:04.792871,team_b,50,72.88,2
2026-04-27T12:00:58.866113,team_b,2,402.81,2
2026-04-27T12:01:03.047408,team_a,40,80.68,1
2026-04-27T12:00:49.911749,team_b,2,207.23,1
2026-04-27T12:01:19.600137,team_b,10,182.11,3
2026-04-27T12:01:59.595730,team_a,2,351.02,3
2026-04-27T12:00:28.841745,team_a,1,357.15,2
2026-04-27T12:00:45.764713,team_a,20,165.47,2
2026-04-27T12:00:02.964688,team_b,40,411.27,3
2026-04-27T12:00:58.416565,team_b,4,194.14,0
2026-04-27T12:01:53.785418,team_a,40,289.94,0
2026-04-27T12:00:25.293777,team_a,20,426.05,1
2026-04-27T12:01:04.530506,team_b,2,386.1,1
2026-04-27T12:00:02.850354,team_b,1,89.38,0
2026-04-27T12:00:21.359060,team_b,40,81.7,1
2026-04-27T12:01:49.318389,team_b,20,253.01,3
2026-04-27T12:00:51.963004,team_a,20,352.98,0
2026-04-27T12:01:16.970730,team_a,50,70.48,0
2026-04-27T12:00:42.924017,team_a,5,404.1,2
2026-04-27T12:01:12.787901,team_b,30,221.64,0
2026-04-27T12:00:56.878521,team_a,3,386.04,2
2026-04-27T12:01:55.216112,team_a,5,354.78,2
2026-04-27T12:01:54.886998,team_a,40,443.65,1
2026-04-27T12:00:14.788219,team_a,50,318.49,0
2026-04-27T12:00:36.562938,team_b,4,235.69,1
2026-04-27T12:00:19.314523,team_a,50,425.64,1
2026-04-27T12:00:13.754705,team_a,40,257.57,0
2026-04-27T12:00:34.878320,team_a,5,94.19,3
2026-04-27T12:01:54.184789,team_b,3,352.08,1
2026-04-27T12:00:12.005407,team_a,4,193.0,3
2026-04-27T12:00:39.401529,team_b,50,118.58,2
2026-04-27T12:01:36.923972,team_b,3,52.17,1
2026-04-27T12:01:34.279213,team_b,5,428.05,1
2026-04-27T12:01:21.549622,team_b,30,258.28,2
2026-04-27T12:01:32.972035,team_b,40,98.97,0
2026-04-27T12:01:41.015159,team_a,40,138.39,0
2026-04-27T12:01:27.291044,team_a,40,334.23,3
2026-04-27T12:01:32.304031,team_a,1,298.22,3
2026-04-27T12:01:18.468977,team_a,10,226.62,2
2026-04-27T12:00:16.065751,team_a,20,213.74,0
2026-04-27T12:01:19.521419,team_a,40,113.17,1
2026-04-27T12:00:21.497422,team_a,30,472.63,0
2026-04-27T12:00:26.258294,team_b,4,78.29,2
2026-04-27T12:00:28.082240,team_a,40,458.48,2
2026-04-27T12:00:46.571173,team_b,1,67.96,2
2026-04-27T12:00:12.387002,team_b,5,310.38,1
2026-04-27T12:00:45.199148,team_b,10,314.46,0
2026-04-27T12:01:01.999548,team_b,4,282.37,2
2026-04-27T12:01:38.068412,team_b,30,406.7,0
2026-04-27T12:01:00.220438,team_a,30,124.52,0
2026-04-27T12:01:01.744953,team_b,4,117.61,1
2026-04-27T12:00:43.466753,team_a,4,236.58,2
2026-04-27T12:01:26.430679,team_b,30,265.56,1
2026-04-27T12:01:17.671108,team_b,1,159.65,1
2026-04-27T12:01:08.818381,team_a,3,333.29,0
2026-04-27T12:01:46.895721,team_a,1,124.85,1
2026-04-27T12:01:01.996883,team_b,50,486.16,0
2026-04-27T12:01:45.421078,team_b,2,147.47,3
2026-04-27T12:01:44.076288,team_a,4,423.66,1
2026-04-27T12:01:35.353928,team_a,50,346.84,2
2026-04-27T12:00:20.126604,team_b,30,318.44,0
2026-04-27T12:00:27.577654,team_b,3,98.86,1
2026-04-27T12:01:02.725361,team_b,3,322.48,1
2026-04-27T12:00:57.104302,team_a,40,276.5,0
2026-04-27T12:00:11.182796,team_a,50,292.68,0
2026-04-27T12:01:47.636274,team_b,40,239.31,0
2026-04-27T12:01:23.717137,team_b,4,472.29,3
2026-04-27T12:01:34.746670,team_b,10,315.07,0
2026-04-27T12:00:51.058728,team_b,30,394.64,0
2026-04-27T12:00:33.992000,team_b,5,135.06,0
2026-04-27T12:01:09.358457,team_a,40,53.24,1
2026-04-27T12:01:22.532008,team_b,20,213.02,1
2026-04-27T12:00:51.128591,team_b,5,434.74,3
2026-04-27T12:01:07.760429,team_b,20,389.74,3
2026-04-27T12:01:06.252594,team_b,3,216.6,3
2026-04-27T12:00:30.453317,team_b,50,204.96,3
2026-04-27T12:01:28.293892,team_a,4,250.97,1
2026-04-27T12:00:12.033434,team_b,10,410.38,0
2026-04-27T12:00:19.288561,team_a,2,420.46,3
2026-04-27T12:01:51.103415,team_b,2,78.84,1
2026-04-27T12:00:44.500215,team_a,20,468.81,3
2026-04-27T12:01:13.675871,team_b,50,75.86,1
2026-04-27T12:01:16.834958,team_b,1,140.77,2
2026-04-27T12:00:23.369579,team_a,50,126.27,0
2026-04-27T12:00:43.168800,team_a,3,89.08,2
2026-04-27T12:01:33.560745,team_b,20,232.45,1
2026-04-27T12:01:02.129124,team_a,2,297.32,2
2026-04-27T12:00:41.697011,team_b,4,322.86,1
2026-04-27T12:00:54.571081,team_b,50,52.09,1
2026-04-27T12:00:48.856155,team_a,40,82.57,2
2026-04-27T12:00:40.795907,team_a,40,480.52,2
2026-04-27T12:01:23.303023,team_b,50,267.63,1
2026-04-27T12:01:30.896794,team_b,30,453.44,0
2026-04-27T12:00:57.836419,team_b,2,222.2,1
2026-04-27T12:01:21.229557,team_a,10,235.59,2
2026-04-27T12:01:01.980506,team_a,5,161.72,0
2026-04-27T12:00:47.871676,team_b,2,299.55,1
2026-04-27T12:00:57.186654,team_b,4,452.44,2
2026-04-27T12:00:21.934134,team_a,30,381.7,1
2026-04-27T12:01:28.251488,team_b,4,153.14,1
2026-04-27T12:01:40.360165,team_b,3,400.52,0
2026-04-27T12:01:50.422576,team_b,50,52.98,0
2026-04-27T12:01:41.761271,team_b,50,191.94,2
2026-04-27T12:00:58.896642,team_b,20,149.94,1
2026-04-27T12:00:06.497781,team_b,30,472.84,0
2026-04-27T12:01:00.297025,team_b,3,255.74,0
2026-04-27T12:01:23.789348,team_b,10,360.14,0
2026-04-27T12:01:20.892367,team_b,50,95.34,2
2026-04-27T12:01:13.533372,team_b,3,296.85,1
2026-04-27T12:00:32.328988,team_b,10,132.76,3
2026-04-27T12:00:25.263898,team_b,10,434.45,2
2026-04-27T12:00:54.087479,team_a,50,358.71,0
2026-04-27T12:01:26.497855,team_a,40,244.5,3
2026-04-27T12:00:23.527586,team_a,30,412.55,1
2026-04-27T12:00:50.582480,team_a,40,290.29,2
2026-04-27T12:01:34.239952,team_b,5,302.96,0
2026-04-27T12:00:47.808228,team_a,1,146.96,2
2026-04-27T12:00:57.184731,team_a,30,385.07,2
2026-04-27T12:00:43.315443,team_b,10,58.93,0
2026-04-27T12:00:42.130859,team_a,50,309.15,1
2026-04-27T12:01:57.524776,team_b,10,196.29,3
2026-04-27T12:01:32.969324,team_b,2,221.48,2
2026-04-27T12:00:55.650250,team_a,3,338.26,2
2026-04-27T12:00:50.617979,team_b,2,85.6,2
2026-04-27T12:00:27.386153,team_b,5,369.7,3
2026-04-27T12:00:32.549772,team_b,10,386.55,3
2026-04-27T12:00:49.678687,team_a,1,106.27,1
2026-04-27T12:01:19.442706,team_a,4,125.11,0
2026-04-27T12:00:11.466446,team_b,40,74.22,3
2026-04-27T12:01:02.877935,team_a,2,168.1,1
2026-04-27T12:00:10.117352,team_b,5,153.21,2
2026-04-27T12:00:53.179251,team_a,3,287.03,1
2026-04-27T12:00:03.428555,team_b,10,438.91,3
2026-04-27T12:01:56.997785,team_b,40,250.18,1
2026-04-27T12:01:10.899711,team_b,50,245.74,2
2026-04-27T12:01:49.070778,team_b,40,152.21,0
2026-04-27T12:00:53.023237,team_b,20,166.91,2
2026-04-27T12:00:01.266698,team_a,10,179.04,0
2026-04-27T12:01:22.532396,team_b,30,184.82,3
2026-04-27T12:01:35.755773,team_a,1,296.7,1
2026-04-27T12:00:49.408304,team_b,20,162.45,3
2026-04-27T12:01:39.411223,team_a,5,85.64,1
2026-04-27T12:01:01.993207,team_b,5,341.81,2
2026-04-27T12:00:49.548465,team_a,3,111.48,0
2026-04-27T12:01:16.427125,team_b,5,365.21,3
2026-04-27T12:00:22.534733,team_a,3,72.33,0
2026-04-27T12:00:22.312512,team_a,5,171.14,3
2026-04-27T12:01:27.252848,team_a,2,117.81,3
2026-04-27T12:00:26.062570,team_b,5,403.58,3
2026-04-27T12:01:59.755614,team_b,1,198.61,1
2026-04-27T12:00:06.724601,team_b,2,294.44,1
2026-04-27T12:00:23.063075,team_b,20,422.71,0
2026-04-27T12:01:56.951820,team_a,20,397.05,3
2026-04-27T12:00:29.659463,team_a,4,257.38,0
2026-04-27T12:01:02.536694,team_a,30,225.11,2
2026-04-27T12:01:52.345830,team_a,1,385.13,0
2026-04-27T12:00:30.397529,team_b,4,212.19,0
2026-04-27T12:01:43.638920,team_a,2,156.18,3
2026-04-27T12:00:38.941619,team_a,5,313.11,3
2026-04-27T12:01:34.697254,team_a,1,311.48,3
2026-04-27T12:01:22.608785,team_a,10,396.86,1
2026-04-27T12:00:18.923815,team_a,50,202.29,0
2026-04-27T12:00:07.173016,team_a,40,406.16,1
2026-04-27T12:00:58.541146,team_b,40,404.85,2
2026-04-27T12:01:36.663045,team_b,4,59.61,3
2026-04-27T12:00:42.980100,team_a,5,454.4,3
2026-04-27T12:01:24.795117,team_b,40,363.67,1
2026-04-27T12:01:08.004208,team_b,10,379.58,2
2026-04-27T12:01:44.119421,team_a,2,289.01,3
2026-04-27T12:00:35.480719,team_b,40,215.2,0
2026-04-27T12:01:33.110149,team_b,3,447.32,2
2026-04-27T12:01:33.121988,team_a,10,374.45,3
2026-04-27T12:00:22.784334,team_b,40,119.36,2
2026-04-27T12:00:38.712005,team_b,2,93.32,0
2026-04-27T12:00:05.253272,team_a,3,443.07,1
2026-04-27T12:00:12.846620,team_a,2,64.32,3
2026-04-27T12:01:18.950551,team_b,1,214.86,0
2026-04-27T12:00:01.570333,team_a,30,467.78,0
2026-04-27T12:00:56.167097,team_a,10,301.11,3
2026-04-27T12:01:38.643182,team_a,50,169.62,0
2026-04-27T12:01:28.116041,team_b,2,475.07,0
2026-04-27T12:00:12.147014,team_a,40,223.4,1
2026-04-27T12:01:03.143043,team_a,50,331.4,1
2026-04-27T12:01:07.010818,team_b,2,394.83,2
2026-04-27T12:01:20.939108,team_b,2,125.06,1
2026-04-27T12:01:05.995856,team_b,3,290.26,3
2026-04-27T12:01:52.022396,team_b,40,496.16,2
2026-04-27T12:01:41.382482,team_b,20,421.77,2
2026-04-27T12:01:13.009604,team_a,20,394.57,2
2026-04-27T12:00:43.201025,team_b,30,481.92,0
2026-04-27T12:01:27.157593,team_b,50,57.34,1
2026-04-27T12:01:59.209441,team_b,1,185.15,1
2026-04-27T12:00:25.778738,team_b,1,397.19,2
2026-04-27T12:01:50.293450,team_a,2,66.98,2
2026-04-27T12:00:18.732853,team_b,10,450.33,1
2026-04-27T12:00:27.959298,team_b,2,306.72,1
2026-04-27T12:01:28.111914,team_b,30,127.81,0
2026-04-27T12:01:11.427744,team_b,1,378.86,3
2026-04-27T12:00:09.417288,team_a,10,206.57,3
2026-04-27T12:00:49.982606,team_a,4,386.46,0
2026-04-27T12:01:16.066452,team_b,1,187.15,0
2026-04-27T12:00:38.317985,team_a,10,276.08,1
2026-04-27T12:00:18.383698,team_b,30,388.78,0
2026-04-27T12:00:26.650275,team_b,20,116.61,2
2026-04-27T12:00:09.905414,team_a,40,229.64,0
2026-04-27T12:00:47.823244,team_b,3,392.91,3
2026-04-27T12:01:07.115541,team_b,20,343.51,1
2026-04-27T12:01:07.340113,team_a,4,82.24,3
2026-04-27T12:00:38.809397,team_a,2,352.29,3
2026-04-27T12:00:43.832117,team_a,10,205.04,0
2026-04-27T12:01:32.361755,team_a,10,327.3,3
2026-04-27T12:01:14.781859,team_b,1,465.9,1
2026-04-27T12:00:23.962226,team_b,3,390.98,0
2026-04-27T12:00:13.484609,team_a,4,477.02,1
2026-04-27T12:01:44.250282,team_b,1,204.47,0
2026-04-27T12:00:36.614166,team_b,1,199.34,1
2026-04-27T12:00:24.456162,team_b,40,267.36,1
2026-04-27T12:01:23.408537,team_a,20,312.35,0
2026-04-27T12:00:30.654761,team_a,5,140.31,2
2026-04-27T12:00:06.370230,team_a,2,224.89,2
2026-04-27T12:01:19.557796,team_b,2,58.59,3
2026-04-27T12:00:27.740234,team_b,40,489.48,0
2026-04-27T12:01:48.464647,team_b,50,289.2,1
2026-04-27T12:00:23.865024,team_b,40,466.86,0
2026-04-27T12:00:04.770288,team_b,10,270.47,1
2026-04-27T12:00:02.204667,team_b,10,331.35,1
2026-04-27T12:01:59.519329,team_b,1,331.61,3
2026-04-27T12:01:46.848250,team_a,40,477.1,1
2026-04-27T12:00:18.204982,team_b,3,89.51,3
2026-04-27T12:01:02.486141,team_a,20,158.16,1
2026-04-27T12:00:51.175800,team_b,50,198.18,1
2026-04-27T12:00:24.810873,team_a,50,293.61,1
2026-04-27T12:01:43.510519,team_b,40,459.3,3
2026-04-27T12:01:59.482296,team_a,50,462.7,2
2026-04-27T12:00:08.137685,team_a,3,192.92,1
2026-04-27T12:01:27.249544,team_b,20,482.54,2
2026-04-27T12:00:53.160538,team_b,3,400.6,0
2026-04-27T12:00:15.785506,team_a,50,327.63,1
2026-04-27T12:01:11.563283,team_a,1,211.67,3
2026-04-27T12:00:16.090395,team_b,10,132.79,3
2026-04-27T12:00:58.973472,team_a,3,136.97,0
2026-04-27T12:00:49.030699,team_a,5,477.59,1
2026-04-27T12:01:29.083999,team_a,4,79.76,3
2026-04-27T12:01:44.055480,team_b,10,440.05,1
2026-04-27T12:00:51.306682,team_a,50,380.9,3
2026-04-27T12:01:26.424110,team_b,50,472.61,0
2026-04-27T12:01:02.477891,team_b,30,422.15,0
2026-04-27T12:01:45.333593,team_a,40,292.04,0
2026-04-27T12:01:06.924114,team_a,4,181.03,3
2026-04-27T12:01:46.127709,team_b,30,124.92,2
2026-04-27T12:01:13.576114,team_a,40,456.65,3
2026-04-27T12:01:39.587221,team_b,2,375.19,0
2026-04-27T12:00:21.572567,team_a,20,236.1,3
2026-04-27T12:00:02.989454,team_b,50,453.48,1
2026-04-27T12:01:45.905814,team_a,5,195.83,1
2026-04-27T12:01:26.204966,team_a,2,101.37,3
2026-04-27T12:01:16.088690,team_a,40,368.28,1
2026-04-27T12:00:45.441436,team_b,1,395.72,2
2026-04-27T12:01:07.858989,team_a,3,440.97,1
2026-04-27T12:01:32.298816,team_a,20,188.63,3
2026-04-27T12:00:34.653664,team_a,2,454.34,1
2026-04-27T12:00:00.423948,team_b,1,256.39,3
2026-04-27T12:01:05.220139,team_a,50,447.22,1
2026-04-27T12:00:26.024861,team_b,30,234.57,0
2026-04-27T12:01:12.145988,team_a,4,446.98,2
2026-04-27T12:01:14.371925,team_a,1,133.18,0
2026-04-27T12:01:18.393225,team_a,3,434.22,2
2026-04-27T12:00:39.733331,team_a,1,99.0,1
2026-04-27T12:00:19.360227,team_b,50,347.42,1
2026-04-27T12:01:55.955192,team_b,1,91.91,2
2026-04-27T12:00:38.738622,team_b,2,391.3,0
2026-04-27T12:00:35.139926,team_a,2,362.58,2
2026-04-27T12:00:39.505023,team_b,40,144.43,1
2026-04-27T12:01:13.446449,team_a,50,378.38,0
2026-04-27T12:00:58.039558,team_b,20,323.98,2
2026-04-27T12:00:31.159205,team_b,3,326.43,3
2026-04-27T12:01:02.364696,team_b,30,413.59,1
2026-04-27T12:01:25.030448,team_a,1,103.19,3
2026-04-27T12:01:15.055289,team_a,4,409.8,3
2026-04-27T12:00:49.684937,team_b,10,302.19,1
2026-04-27T12:00:01.355672,team_a,5,164.49,0
2026-04-27T12:00:36.932706,team_b,1,101.23,2
2026-04-27T12:00:40.963390,team_a,3,137.31,2
2026-04-27T12:01:50.673572,team_b,30,408.76,1
2026-04-27T12:00:57.779463,team_b,40,453.17,3
2026-04-27T12:01:34.078684,team_b,1,425.8,2
2026-04-27T12:01:07.793117,team_b,40,291.15,1
2026-04-27T12:01:09.287717,team_b,10,79.8,1
2026-04-27T12:00:33.655203,team_a,10,492.63,1
2026-04-27T12:01:08.517797,team_b,3,317.84,2
2026-04-27T12:01:24.631942,team_b,1,172.17,0
2026-04-27T12:00:59.646532,team_a,10,253.36,2
2026-04-27T12:00:25.936786,team_b,3,100.5,0
2026-04-27T12:01:33.334847,team_a,30,277.7,3
2026-04-27T12:01:48.594696,team_a,4,203.05,3
2026-04-27T12:01:27.892928,team_b,10,114.48,0
2026-04-27T12:01:38.656622,team_a,4,376.06,3
2026-04-27T12:00:46.510586,team_a,1,189.94,0
2026-04-27T12:01:22.446280,team_a,10,260.09,0
2026-04-27T12:00:12.372340,team_b,1,309.9,2
2026-04-27T12:01:16.662102,team_a,10,140.25,2
2026-04-27T12:00:33.197945,team_b,30,352.01,2
2026-04-27T12:00:17.918487,team_b,2,56.87,0
2026-04-27T12:00:24.789286,team_b,40,193.32,1
2026-04-27T12:01:53.193338,team_b,50,160.17,0
2026-04-27T12:00:37.365307,team_b,40,249.64,1
2026-04-27T12:00:03.479122,team_a,2,222.62,0
2026-04-27T12:00:51.175889,team_a,50,451.07,3
2026-04-27T12:01:13.957841,team_b,10,417.85,0
2026-04-27T12:01:56.841827,team_b,50,109.31,3
2026-04-27T12:00:11.671560,team_b,30,261.75,1
2026-04-27T12:00:17.246602,team_b,10,226.43,2
2026-04-27T12:01:34.653445,team_b,30,269.38,0
2026-04-27T12:00:57.040123,team_b,30,257.56,1
2026-04-27T12:00:33.870884,team_b,50,308.61,0
2026-04-27T12:00:48.682318,team_a,10,300.27,0
2026-04-27T12:01:35.091713,team_b,20,315.74,1
2026-04-27T12:01:14.504981,team_a,30,222.72,2
2026-04-27T12:00:24.988577,team_b,20,305.25,2
2026-04-27T12:01:05.343226,team_a,3,348.18,0
2026-04-27T12:01:28.724045,team_b,2,316.47,3
2026-04-27T12:00:39.045371,team_a,30,129.28,3
2026-04-27T12:00:08.352916,team_a,50,397.1,3
2026-04-27T12:00:39.288989,team_a,2,147.93,1
2026-04-27T12:01:46.471384,team_a,3,347.4,3
2026-04-27T12:01:03.750699,team_b,50,310.07,1
2026-04-27T12:00:24.679402,team_b,5,306.62,2
2026-04-27T12:01:50.220195,team_b,10,495.63,0
2026-04-27T12:01:13.378891,team_b,3,433.63,0
2026-04-27T12:00:44.306747,team_a,1,366.51,2
2026-04-27T12:00:13.163798,team_b,1,155.86,3
2026-04-27T12:01:15.025716,team_b,20,221.7,1
2026-04-27T12:01:19.498507,team_b,3,134.7,3
2026-04-27T12:01:41.199320,team_b,20,119.42,1
2026-04-27T12:00:16.113294,team_a,1,114.8,3
2026-04-27T12:01:18.951204,team_a,2,111.75,3
2026-04-27T12:01:43.218331,team_b,50,130.91,3
2026-04-27T12:01:06.246004,team_b,20,209.89,1
2026-04-27T12:00:50.972623,team_a,50,274.17,1
2026-04-27T12:01:25.455600,team_b,20,466.95,2
2026-04-27T12:00:04.015425,team_a,50,267.47,2
2026-04-27T12:00:13.579724,team_b,2,113.94,2
2026-04-27T12:00:55.792359,team_a,40,450.46,0
2026-04-27T12:00:29.427756,team_a,40,409.14,2
2026-04-27T12:01:13.564694,team_b,40,400.34,3
2026-04-27T12:00:54.484173,team_b,50,380.22,3
2026-04-27T12:00:42.349745,team_b,5,125.38,2
2026-04-27T12:01:27.236606,team_b,1,333.19,1
2026-04-27T12:01:08.743199,team_b,50,62.28,3
2026-04-27T12:00:09.901220,team_a,5,163.42,2
2026-04-27T12:00:33.026054,team_b,1,383.64,1
2026-04-27T12:01:49.215779,team_a,30,216.4,1
2026-04-27T12:00:31.350311,team_a,30,131.36,0
2026-04-27T12:00:41.141759,team_a,3,317.99,1
2026-04-27T12:01:40.513706,team_b,20,157.08,3
2026-04-27T12:01:27.119891,team_a,4,309.99,2
2026-04-27T12:00:06.519094,team_b,2,73.64,3
2026-04-27T12:00:47.849376,team_b,30,385.77,1
2026-04-27T12:00:45.576095,team_b,30,168.18,3
2026-04-27T12:00:01.423565,team_b,20,355.32,0
2026-04-27T12:00:11.683718,team_b,20,324.72,2
2026-04-27T12:00:40.196089,team_b,2,164.9,3
2026-04-27T12:00:55.333031,team_a,50,396.72,2
2026-04-27T12:01:21.326179,team_a,10,296.43,0
2026-04-27T12:01:39.802740,team_a,20,93.96,0
2026-04-27T12:01:22.259946,team_b,4,376.36,2
2026-04-27T12:00:23.169544,team_a,50,91.37,1
2026-04-27T12:01:54.058675,team_a,2,88.87,1
2026-04-27T12:00:45.115013,team_a,2,363.04,2
2026-04-27T12:00:35.348234,team_a,30,465.21,2
2026-04-27T12:01:32.323096,team_b,5,122.88,0
2026-04-27T12:00:33.274498,team_a,20,224.87,0
2026-04-27T12:00:30.988633,team_b,3,248.26,3
2026-04-27T12:01:57.530638,team_a,50,226.69,3
2026-04-27T12:00:13.011656,team_b,4,326.28,0
2026-04-27T12:01:49.513107,team_b,2,65.69,0
2026-04-27T12:01:08.561347,team_b,30,58.44,3
2026-04-27T12:00:17.862513,team_a,1,349.07,2
2026-04-27T12:00:18.192897,team_b,20,308.59,3
2026-04-27T12:00:57.376731,team_b,2,293.06,0
2026-04-27T12:00:46.130865,team_b,2,305.26,2
2026-04-27T12:00:40.012766,team_b,20,74.84,0
2026-04-27T12:00:43.842643,team_b,2,428.53,2
2026-04-27T12:01:17.735109,team_a,40,67.7,3
2026-04-27T12:01:19.288091,team_b,20,453.41,2
2026-04-27T12:00:58.380425,team_b,4,112.97,1
2026-04-27T12:00:03.043753,team_a,30,224.95,2
2026-04-27T12:00:59.962098,team_b,1,66.67,0
2026-04-27T12:00:40.526233,team_a,20,103.18,3
2026-04-27T12:01:52.810775,team_a,50,154.84,0
2026-04-27T12:00:04.425320,team_a,30,344.22,3
2026-04-27T12:01:48.861465,team_a,4,365.58,1
2026-04-27T12:00:01.723825,team_a,5,419.33,0
2026-04-27T12:00:54.742151,team_a,50,78.78,0
2026-04-27T12:00:13.701562,team_a,2,412.0,3
2026-04-27T12:00:40.481173,team_b,10,104.36,1
2026-04-27T12:00:38.590786,team_a,1,316.89,2
2026-04-27T12:00:07.586627,team_b,3,390.9,1
2026-04-27T12:01:23.555494,team_a,30,159.64,0
2026-04-27T12:00:16.004505,team_b,3,57.03,3
2026-04-27T12:00:09.686713,team_a,3,466.76,2
2026-04-27T12:00:49.946669,team_b,3,142.77,2
2026-04-27T12:01:02.770424,team_b,4,472.14,0
2026-04-27T12:01:11.552636,team_b,50,477.63,2
2026-04-27T12:00:41.742428,team_a,40,156.04,0
2026-04-27T12:01:58.392423,team_a,50,212.86,1
2026-04-27T12:00:55.705921,team_a,5,73.88,0
2026-04-27T12:01:35.593557,team_b,30,129.35,0
2026-04-27T12:00:06.483314,team_b,5,144.32,2
2026-04-27T12:00:40.115356,team_b,1,96.99,0
2026-04-27T12:01:50.983361,team_a,3,403.47,3
2026-04-27T12:01:01.788446,team_a,4,374.63,2
2026-04-27T12:00:50.287953,team_b,4,400.54,2
2026-04-27T12:00:27.333848,team_a,20,441.45,3
2026-04-27T12:01:46.963818,team_a,30,313.29,0
2026-04-27T12:01:46.858661,team_a,4,467.55,3
2026-04-27T12:00:21.367292,team_b,3,255.98,1
2026-04-27T12:01:15.842534,team_b,4,201.15,0
2026-04-27T12:01:23.065264,team_a,5,111.43,3
2026-04-27T12:00:55.029471,team_a,10,148.93,2
2026-04-27T12:01:12.436318,team_a,50,486.56,1
2026-04-27T12:00:10.376920,team_b,4,316.21,3
2026-04-27T12:00:33.500505,team_b,4,161.52,3
2026-04-27T12:01:09.536044,team_a,50,454.21,3
2026-04-27T12:01:57.622085,team_a,30,380.06,0
2026-04-27T12:00:51.083717,team_b,30,414.37,0
2026-04-27T12:00:54.292964,team_a,2,301.32,0
2026-04-27T12:01:23.179181,team_b,4,109.72,2
2026-04-27T12:00:28.687488,team_a,1,265.9,2
2026-04-27T12:00:19.416340,team_b,50,386.28,0
2026-04-27T12:01:57.170493,team_b,3,443.39,3
2026-04-27T12:00:22.193489,team_b,30,366.76,0
2026-04-27T12:01:43.245918,team_a,20,452.05,2
2026-04-27T12:01:03.710439,team_b,20,388.8,1
2026-04-27T12:01:34.523021,team_a,50,446.38,0
2026-04-27T12:01:01.768378,team_b,1,99.93,2
2026-04-27T12:00:55.842345,team_a,10,214.89,0
2026-04-27T12:01:07.290985,team_a,3,491.56,1
2026-04-27T12:01:04.756059,team_b,50,442.01,1
2026-04-27T12:01:30.380820,team_a,10,208.72,2
2026-04-27T12:01:00.427917,team_b,5,74.51,2
2026-04-27T12:00:41.427190,team_b,40,287.01,0
2026-04-27T12:00:56.419662,team_b,30,329.43,0
2026-04-27T12:00:22.602430,team_b,2,86.08,1
2026-04-27T12:00:34.604723,team_a,2,124.14,0
2026-04-27T12:01:23.649853,team_b,3,443.75,0
2026-04-27T12:00:35.180333,team_a,30,206.02,3
2026-04-27T12:01:28.525109,team_a,5,135.08,0
2026-04-27T12:01:44.615244,team_a,40,340.1,3
2026-04-27T12:01:09.444553,team_b,30,317.01,3
2026-04-27T12:00:54.960851,team_a,5,127.28,2
2026-04-27T12:00:27.213833,team_b,5,396.39,0
2026-04-27T12:00:17.800600,team_b,30,480.3,1
2026-04-27T12:01:25.417461,team_b,3,487.94,1
2026-04-27T12:00:19.350566,team_a,1,497.2,1
2026-04-27T12:00:52.906637,team_b,3,142.32,0
2026-04-27T12:01:19.866394,team_b,3,217.81,1
2026-04-27T12:01:04.037155,team_a,1,232.05,3
2026-04-27T12:01:32.222180,team_b,10,120.22,2
2026-04-27T12:01:17.669274,team_b,30,453.19,1
2026-04-27T12:01:35.949141,team_b,10,360.12,3
2026-04-27T12:01:48.020936,team_a,40,102.59,0
2026-04-27T12:00:48.195591,team_a,30,210.83,2
2026-04-27T12:00:06.604036,team_a,50,286.9,2
2026-04-27T12:00:23.485881,team_a,40,432.25,0
2026-04-27T12:01:57.100741,team_b,4,270.71,0
2026-04-27T12:01:49.013634,team_b,20,116.58,3
2026-04-27T12:00:44.355596,team_b,1,178.09,2
2026-04-27T12:00:36.970241,team_b,40,89.42,3
2026-04-27T12:01:28.983321,team_b,30,179.89,3
2026-04-27T12:01:27.432662,team_b,3,425.98,0
2026-04-27T12:00:17.236714,team_b,30,494.77,2
2026-04-27T12:00:07.933894,team_b,2,52.98,2
2026-04-27T12:00:49.741682,team_b,50,389.86,1
2026-04-27T12:00:23.910907,team_b,5,299.24,0
2026-04-27T12:01:38.735906,team_b,50,186.76,3
2026-04-27T12:00:26.942427,team_a,3,168.2,3
2026-04-27T12:00:14.901231,team_b,20,130.72,1
2026-04-27T12:00:03.413110,team_b,30,497.45,0
2026-04-27T12:01:11.866959,team_b,50,266.22,3
2026-04-27T12:01:44.201510,team_b,2,217.94,0
2026-04-27T12:01:41.433608,team_a,50,76.33,2
2026-04-27T12:00:55.325276,team_a,10,123.49,2
2026-04-27T12:00:43.339614,team_b,1,180.44,0
2026-04-27T12:01:01.663979,team_a,2,319.44,1
2026-04-27T12:01:05.245480,team_b,5,172.16,2
2026-04-27T12:00:11.500009,team_b,3,55.8,2
2026-04-27T12:00:44.761703,team_b,20,203.14,1
2026-04-27T12:00:12.290143,team_a,40,149.5,1
2026-04-27T12:01:35.412809,team_a,20,257.22,0
2026-04-27T12:00:13.987878,team_a,1,265.78,2
2026-04-27T12:01:22.926084,team_a,30,450.38,2
2026-04-27T12:00:20.664859,team_b,1,385.01,0
2026-04-27T12:00:26.682942,team_a,4,188.34,1
2026-04-27T12:00:15.626190,team_a,20,360.87,0
2026-04-27T12:00:09.328236,team_b,20,69.13,0
2026-04-27T12:00:03.935126,team_a,30,103.51,2
2026-04-27T12:00:05.193780,team_b,1,389.55,0
2026-04-27T12:01:50.411768,team_a,50,455.53,1
2026-04-27T12:01:20.472078,team_a,2,115.5,2
2026-04-27T12:01:53.854993,team_b,10,122.25,1
2026-04-27T12:01:00.589107,team_a,2,418.81,0
2026-04-27T12:01:03.460649,team_a,5,127.3,0
2026-04-27T12:01:56.829588,team_a,4,464.21,3
2026-04-27T12:00:43.975563,team_a,30,353.09,0
2026-04-27T12:00:21.701825,team_b,20,240.84,1
2026-04-27T12:00:48.909356,team_b,2,259.66,1
2026-04-27T12:00:59.497922,team_b,5,300.71,0
2026-04-27T12:00:09.869753,team_b,2,223.15,3
2026-04-27T12:01:12.046741,team_b,30,151.64,3
2026-04-27T12:00:34.870719,team_b,4,435.55,3
2026-04-27T12:01:52.689840,team_b,3,55.75,3
2026-04-27T12:01:20.651457,team_b,30,285.2,0
2026-04-27T12:00:14.306141,team_b,20,362.77,0
2026-04-27T12:01:28.971859,team_a,2,213.67,1
2026-04-27T12:00:40.635798,team_b,2,154.79,3
2026-04-27T12:01:27.024060,team_b,50,317.14,3
2026-04-27T12:00:42.731677,team_b,30,280.14,1
2026-04-27T12:01:32.159947,team_a,2,162.81,3
2026-04-27T12:00:27.698615,team_a,1,94.82,0
2026-04-27T12:01:39.637496,team_b,1,487.43,3
2026-04-27T12:01:12.550071,team_b,3,186.24,0
2026-04-27T12:01:31.220573,team_b,30,140.87,3
2026-04-27T12:00:58.830043,team_b,40,204.63,0
2026-04-27T12:01:54.309659,team_a,20,446.06,0
2026-04-27T12:00:46.035585,team_b,20,249.15,0
2026-04-27T12:00:03.943176,team_b,3,271.17,1
2026-04-27T12:00:37.495161,team_b,30,393.81,3
2026-04-27T12:01:19.209431,team_b,30,303.01,1
2026-04-27T12:01:00.802206,team_b,5,272.61,3
2026-04-27T12:01:14.032761,team_b,5,194.22,0
2026-04-27T12:01:10.855610,team_a,10,206.99,0
2026-04-27T12:01:31.823282,team_b,20,93.81,2
2026-04-27T12:01:59.033463,team_b,10,75.4,1
2026-04-27T12:00:29.713672,team_b,50,88.22,0
2026-04-27T12:01:44.272795,team_a,10,126.4,2
2026-04-27T12:00:04.485315,team_b,50,281.64,3
2026-04-27T12:00:31.994266,team_b,50,60.01,2
2026-04-27T12:00:45.328511,team_b,10,307.64,3
2026-04-27T12:00:12.006802,team_a,10,273.53,2
2026-04-27T12:00:19.995266,team_b,10,486.24,1
2026-04-27T12:00:59.634205,team_a,40,146.34,2
2026-04-27T12:00:05.703763,team_b,4,331.06,0
2026-04-27T12:01:26.124821,team_a,50,201.58,0
2026-04-27T12:01:07.971395,team_b,20,144.38,0
2026-04-27T12:01:18.184418,team_b,40,411.86,3
2026-04-27T12:01:19.614804,team_b,4,236.44,2
2026-04-27T12:01:14.995665,team_b,40,131.27,0
2026-04-27T12:01:15.341272,team_a,50,274.64,3
2026-04-27T12:00:32.152314,team_b,50,376.98,0
2026-04-27T12:01:02.672350,team_b,30,116.48,1
2026-04-27T12:01:29.572022,team_b,20,234.62,0
2026-04-27T12:01:16.071299,team_b,5,420.67,1
2026-04-27T12:00:30.773596,team_a,20,157.32,1
2026-04-27T12:00:23.029921,team_a,5,258.87,3
2026-04-27T12:00:50.642295,team_a,4,121.71,1
2026-04-27T12:00:03.497024,team_b,40,129.19,0
2026-04-27T12:01:55.654427,team_b,1,74.9,0
2026-04-27T12:00:37.668573,team_b,2,455.26,3
2026-04-27T12:01:47.612789,team_a,20,474.42,1
2026-04-27T12:00:28.324938,team_a,40,348.9,2
2026-04-27T12:00:59.574132,team_a,4,319.92,2
2026-04-27T12:00:39.514309,team_b,4,470.98,1
2026-04-27T12:00:17.313349,team_a,4,486.47,3
2026-04-27T12:00:49.005067,team_a,30,290.06,0
2026-04-27T12:00:37.978794,team_b,30,357.23,2
2026-04-27T12:01:45.532025,team_a,10,263.85,2
2026-04-27T12:01:38.563844,team_a,50,65.66,0
2026-04-27T12:01:22.881895,team_a,5,298.73,2
2026-04-27T12:01:16.673887,team_b,2,290.71,1
2026-04-27T12:01:42.917657,team_b,1,459.41,3
2026-04-27T12:01:51.300888,team_b,5,90.61,1
2026-04-27T12:00:35.690748,team_a,30,334.11,3
2026-04-27T12:01:34.718088,team_b,2,420.44,3
2026-04-27T12:00:56.530954,team_b,10,372.82,0
2026-04-27T12:01:38.928104,team_b,40,79.87,3
2026-04-27T12:01:12.253913,team_b,30,362.84,0
2026-04-27T12:01:16.964736,team_a,30,405.96,1
2026-04-27T12:00:00.369096,team_a,5,191.17,0
2026-04-27T12:00:13.299384,team_a,40,371.1,1
2026-04-27T12:01:41.635252,team_b,10,253.17,1
2026-04-27T12:00:31.281586,team_b,5,139.4,3
2026-04-27T12:00:44.111948,team_b,20,475.14,1
2026-04-27T12:00:02.488157,team_a,40,341.2,1
2026-04-27T12:01:48.821374,team_b,4,167.8,1
2026-04-27T12:00:05.973956,team_b,50,167.07,0
2026-04-27T12:01:54.963944,team_a,50,102.81,3
2026-04-27T12:01:32.803118,team_b,30,103.33,1
2026-04-27T12:00:22.865300,team_b,5,385.9,3
2026-04-27T12:00:15.623920,team_a,50,147.0,2
2026-04-27T12:01:27.204968,team_a,20,131.17,1
2026-04-27T12:00:03.452774,team_b,4,327.96,1
2026-04-27T12:00:44.356529,team_b,2,54.64,1
2026-04-27T12:01:44.573217,team_b,4,371.0,3
2026-04-27T12:01:28.332493,team_b,2,92.88,0
2026-04-27T12:00:06.253513,team_a,30,458.7,0
2026-04-27T12:00:00.643318,team_b,5,489.89,2
2026-04-27T12:00:15.868590,team_a,50,130.72,1
2026-04-27T12:01:00.449607,team_b,30,109.36,2
2026-04-27T12:01:25.230669,team_b,3,167.18,2
2026-04-27T12:00:05.299459,team_a,30,442.26,2
2026-04-27T12:01:29.738804,team_b,5,456.26,2
2026-04-27T12:01:13.551788,team_b,40,190.85,1
2026-04-27T12:00:37.865150,team_b,3,300.05,3
2026-04-27T12:00:06.386663,team_a,1,153.44,0
2026-04-27T12:00:56.429704,team_a,30,246.39,3
2026-04-27T12:00:04.895005,team_b,40,268.34,3
2026-04-27T12:00:13.498906,team_a,2,207.32,1
2026-04-27T12:01:44.180773,team_a,3,387.47,2
2026-04-27T12:01:07.589687,team_a,50,499.1,0
2026-04-27T12:01:03.121849,team_a,20,464.19,1
2026-04-27T12:01:32.190411,team_a,10,61.68,0
2026-04-27T12:00:47.300376,team_a,10,119.2,0
2026-04-27T12:00:55.227982,team_b,30,332.76,2
2026-04-27T12:01:11.304511,team_a,10,486.4,3
2026-04-27T12:00:38.989856,team_a,4,438.48,2
2026-04-27T12:00:38.780502,team_a,2,296.22,3
2026-04-27T12:00:11.106121,team_b,3,158.04,3
2026-04-27T12:00:10.702597,team_a,3,224.83,3
2026-04-27T12:00:34.192307,team_a,2,184.35,3
2026-04-27T12:01:28.306714,team_b,50,109.08,0
2026-04-27T12:01:39.846345,team_a,30,250.45,3
2026-04-27T12:00:57.172762,team_b,2,390.42,2
2026-04-27T12:01:13.664134,team_b,20,91.83,2
2026-04-27T12:01:56.792615,team_a,3,468.8,0
2026-04-27T12:00:34.884363,team_b,2,458.24,3
2026-04-27T12:00:36.047191,team_a,5,428.69,3
2026-04-27T12:00:35.457796,team_a,40,84.44,0
2026-04-27T12:01:01.609742,team_b,20,92.52,2
2026-04-27T12:00:42.654916,team_a,40,57.32,3
2026-04-27T12:00:21.546264,team_a,20,70.37,3
2026-04-27T12:01:45.210642,team_b,10,314.24,3
2026-04-27T12:01:30.882512,team_b,50,413.53,2
2026-04-27T12:01:56.006355,team_a,4,133.29,2
2026-04-27T12:01:44.593895,team_a,20,290.47,0
2026-04-27T12:00:47.392061,team_a,3,345.11,3
2026-04-27T12:01:23.016748,team_b,5,328.32,2
2026-04-27T12:01:22.879475,team_b,5,89.44,1
2026-04-27T12:00:01.665110,team_a,1,363.21,1
2026-04-27T12:01:43.081444,team_a,30,341.88,1
2026-04-27T12:00:52.294617,team_a,2,185.41,3
2026-04-27T12:00:17.779878,team_b,1,102.41,1
2026-04-27T12:01:28.653742,team_b,30,262.17,3
2026-04-27T12:01:10.227152,team_a,5,306.24,3
2026-04-27T12:00:06.110662,team_a,2,333.68,3
2026-04-27T12:01:57.538433,team_b,50,318.13,2
2026-04-27T12:00:04.442066,team_b,30,281.01,3
2026-04-27T12:00:27.828694,team_a,40,58.56,2
2026-04-27T12:01:06.390682,team_b,20,450.11,0
2026-04-27T12:00:59.374656,team_b,30,363.88,0
2026-04-27T12:00:19.360012,team_a,30,204.73,1
2026-04-27T12:01:00.916313,team_b,50,434.05,3
2026-04-27T12:00:15.739028,team_b,20,481.91,2
2026-04-27T12:01:35.516720,team_a,50,143.24,0
2026-04-27T12:01:20.046774,team_a,3,139.77,3
2026-04-27T12:00:12.108447,team_b,30,186.64,1
2026-04-27T12:01:06.819661,team_a,10,446.41,2
2026-04-27T12:01:21.231343,team_a,40,64.39,0
2026-04-27T12:00:40.528171,team_a,50,152.01,1
2026-04-27T12:00:58.363836,team_b,10,396.22,2
2026-04-27T12:01:47.558124,team_a,1,466.98,3
2026-04-27T12:01:35.878426,team_a,2,401.74,0
2026-04-27T12:01:38.833227,team_a,40,97.43,0
2026-04-27T12:01:44.504337,team_b,3,377.76,3
2026-04-27T12:01:31.435763,team_b,2,119.43,2
2026-04-27T12:00:40.152903,team_a,2,431.87,3
2026-04-27T12:01:56.356400,team_a,4,425.67,3
2026-04-27T12:00:40.958408,team_a,2,169.71,3
2026-04-27T12:00:43.277209,team_a,3,388.94,3
2026-04-27T12:01:34.465889,team_a,20,236.03,3
2026-04-27T12:01:47.767831,team_b,1,249.16,0
2026-04-27T12:01:26.115088,team_a,2,202.24,3
2026-04-27T12:01:57.833391,team_a,20,77.66,0
2026-04-27T12:01:19.221141,team_a,50,76.01,2
2026-04-27T12:00:50.316636,team_b,10,459.15,0
2026-04-27T12:01:39.240427,team_a,20,250.79,1
2026-04-27T12:01:46.509571,team_b,10,449.45,3
2026-04-27T12:01:33.048040,team_b,2,66.64,2
2026-04-27T12:00:46.799225,team_a,40,496.37,2
2026-04-27T12:00:25.648142,team_b,40,203.32,1
2026-04-27T12:00:02.810609,team_b,4,424.5,2
2026-04-27T12:01:27.181110,team_a,1,428.71,2
2026-04-27T12:01:15.238744,team_b,2,71.48,0
2026-04-27T12:00:53.848426,team_a,30,202.54,1
2026-04-27T12:01:36.646507,team_a,10,184.64,1
2026-04-27T12:01:25.722117,team_a,2,197.53,1
2026-04-27T12:01:38.741127,team_b,30,94.09,3
2026-04-27T12:01:39.412516,team_a,2,77.99,1
2026-04-27T12:00:57.150369,team_b,2,216.18,3
2026-04-27T12:01:10.588735,team_b,5,312.94,3
2026-04-27T12:01:59.581413,team_b,20,420.72,1
2026-04-27T12:01:00.694307,team_b,30,108.22,0
2026-04-27T12:01:23.336485,team_b,30,64.67,1
2026-04-27T12:01:53.288347,team_b,2,320.72,3
2026-04-27T12:00:13.240340,team_b,50,180.32,1
2026-04-27T12:00:14.129066,team_b,10,186.47,3
2026-04-27T12:00:03.357334,team_a,3,402.71,3
2026-04-27T12:00:05.838126,team_b,5,147.01,3
2026-04-27T12:00:00.250290,team_b,2,441.69,3
2026-04-27T12:00:57.741172,team_b,50,253.57,2
2026-04-27T12:01:33.761922,team_b,50,109.76,1
2026-04-27T12:01:00.571663,team_b,30,350.25,1
2026-04-27T12:01:43.961466,team_b,2,409.92,3
2026-04-27T12:00:46.468215,team_b,10,293.45,3
2026-04-27T12:01:28.309535,team_a,3,368.24,2
2026-04-27T12:01:07.325323,team_a,40,88.32,0
2026-04-27T12:01:54.875137,team_a,30,276.19,0
2026-04-27T12:00:14.433981,team_a,1,173.73,1
2026-04-27T12:00:29.434403,team_b,2,413.11,2
2026-04-27T12:00:48.215744,team_a,30,437.89,0
2026-04-27T12:00:40.794787,team_a,20,60.83,2
2026-04-27T12:00:45.841318,team_a,2,490.9,1
2026-04-27T12:00:34.242207,team_a,5,395.74,1
2026-04-27T12:00:36.815306,team_b,3,76.51,2
2026-04-27T12:00:21.774941,team_a,5,225.47,2
2026-04-27T12:00:17.095266,team_b,5,218.98,0
2026-04-27T12:00:06.225374,team_a,50,313.71,3
2026-04-27T12:01:01.034553,team_b,2,171.18,2
2026-04-27T12:00:55.778824,team_b,2,267.88,3
2026-04-27T12:01:16.024955,team_a,5,299.33,0
2026-04-27T12:00:29.557932,team_a,5,305.71,3
2026-04-27T12:00:10.069003,team_a,3,217.99,1
2026-04-27T12:01:33.842840,team_b,40,253.28,0
2026-04-27T12:01:37.517246,team_b,3,50.24,3
2026-04-27T12:00:32.796353,team_b,20,499.66,1
2026-04-27T12:01:10.219100,team_b,1,122.64,0
2026-04-27T12:00:36.076602,team_b,2,423.72,2
2026-04-27T12:01:45.393515,team_a,50,277.17,2
2026-04-27T12:01:46.071793,team_b,5,490.84,3
2026-04-27T12:00:32.761577,team_b,10,144.78,2
2026-04-27T12:00:01.904954,team_a,1,323.95,0
2026-04-27T12:01:48.173399,team_a,20,300.11,3
2026-04-27T12:01:31.495829,team_a,2,292.39,3
2026-04-27T12:01:20.669510,team_b,20,422.36,2
2026-04-27T12:00:46.410124,team_a,2,258.21,1
2026-04-27T12:00:53.349319,team_a,1,391.29,2
2026-04-27T12:00:22.981401,team_b,4,155.42,3
2026-04-27T12:01:56.075581,team_a,5,271.78,1
2026-04-27T12:00:00.856248,team_b,2,441.46,3
2026-04-27T12:00:20.457252,team_a,50,352.48,1
2026-04-27T12:00:07.843275,team_a,2,107.34,1
2026-04-27T12:01:45.720371,team_b,4,431.45,0
2026-04-27T12:01:59.034162,team_b,40,447.4,0
2026-04-27T12:01:52.546844,team_a,10,244.65,3
2026-04-27T12:00:32.884272,team_b,30,212.66,0
2026-04-27T12:01:46.056293,team_a,1,175.07,3
2026-04-27T12:01:03.889234,team_b,1,226.34,2
2026-04-27T12:00:09.817068,team_a,4,490.14,3
2026-04-27T12:01:54.933082,team_a,4,124.02,2
2026-04-27T12:00:07.541295,team_a,1,265.98,0
2026-04-27T12:01:11.103692,team_b,5,161.22,3
2026-04-27T12:00:28.603106,team_b,1,419.74,1
2026-04-27T12:01:53.225709,team_b,2,331.41,0
2026-04-27T12:00:10.264164,team_a,1,219.83,0
2026-04-27T12:01:33.917549,team_a,30,74.65,3
2026-04-27T12:00:07.894831,team_a,40,73.49,3
2026-04-27T12:00:48.201968,team_b,4,439.06,0
2026-04-27T12:00:54.409350,team_b,20,445.97,0
2026-04-27T12:00:40.753977,team_a,30,282.75,1
2026-04-27T12:00:12.960791,team_a,50,370.98,1
2026-04-27T12:01:48.524399,team_a,40,165.33,3
2026-04-27T12:00:57.767916,team_b,3,159.42,0
2026-04-27T12:00:07.258942,team_b,50,246.13,2
2026-04-27T12:00:37.342589,team_a,3,261.29,2
2026-04-27T12:00:34.927673,team_a,40,313.9,1
2026-04-27T12:00:06.878118,team_a,20,204.72,1
2026-04-27T12:01:16.866575,team_a,2,203.7,3
2026-04-27T12:01:23.373789,team_b,50,361.59,2
2026-04-27T12:01:13.932376,team_b,10,123.03,3
2026-04-27T12:01:45.132657,team_a,30,148.73,0
2026-04-27T12:01:16.652046,team_a,30,330.76,1
2026-04-27T12:00:57.689545,team_b,20,142.39,1
2026-04-27T12:01:39.130119,team_a,10,54.45,2
2026-04-27T12:00:03.602111,team_a,3,180.76,1
2026-04-27T12:01:15.760149,team_b,1,488.89,1
2026-04-27T12:00:23.738999,team_a,4,448.42,1
2026-04-27T12:00:40.778099,team_a,3,138.19,1
2026-04-27T12:01:41.145770,team_a,1,424.15,1
2026-04-27T12:00:45.470731,team_a,10,471.25,2
2026-04-27T12:00:54.744441,team_b,10,347.41,3
2026-04-27T12:01:45.406540,team_a,2,114.99,1
2026-04-27T12:01:35.387774,team_a,40,220.19,2
2026-04-27T12:00:38.154193,team_b,4,464.46,1
2026-04-27T12:01:42.532252,team_b,3,197.46,0
2026-04-27T12:01:15.535097,team_b,3,433.18,3
2026-04-27T12:00:25.108509,team_a,30,405.95,0
2026-04-27T12:00:20.092025,team_b,40,218.42,3
2026-04-27T12:00:21.479822,team_b,40,362.53,3
2026-04-27T12:00:56.850979,team_b,50,342.38,1
2026-04-27T12:00:26.343154,team_a,30,438.43,3
2026-04-27T12:00:26.231247,team_b,20,307.12,2
2026-04-27T12:00:30.543509,team_a,3,388.23,2
2026-04-27T12:00:53.340638,team_b,4,312.78,3
2026-04-27T12:01:01.471451,team_b,20,253.02,3
2026-04-27T12:00:49.074333,team_b,10,172.86,0
2026-04-27T12:00:21.547888,team_a,5,340.41,2
2026-04-27T12:01:48.177102,team_b,40,280.76,0
2026-04-27T12:01:34.304796,team_a,2,103.36,2
2026-04-27T12:00:04.593766,team_a,10,138.49,2
2026-04-27T12:00:30.002837,team_b,4,367.54,1
2026-04-27T12:01:59.808612,team_b,1,396.53,2
2026-04-27T12:01:38.677063,team_b,20,419.84,0
2026-04-27T12:00:56.640479,team_a,20,152.41,1
2026-04-27T12:00:56.932590,team_b,30,203.3,0
2026-04-27T12:00:37.568980,team_a,20,396.56,3
2026-04-27T12:00:25.150170,team_b,40,63.55,1
2026-04-27T12:01:09.301014,team_a,5,474.51,0
2026-04-27T12:00:59.976025,team_b,10,151.47,3
2026-04-27T12:01:22.291537,team_b,40,184.84,0
2026-04-27T12:01:08.109291,team_a,3,119.16,2
2026-04-27T12:01:08.182906,team_b,20,141.89,3
2026-04-27T12:00:07.645110,team_b,4,263.65,2
2026-04-27T12:01:08.341801,team_b,5,91.96,0
2026-04-27T12:01:20.986265,team_a,1,421.91,3
2026-04-27T12:00:03.220621,team_a,2,460.11,3
2026-04-27T12:00:34.058114,team_a,5,346.81,0
2026-04-27T12:00:54.559642,team_b,40,54.97,2
2026-04-27T12:01:43.164882,team_b,20,120.67,0
2026-04-27T12:00:15.496520,team_b,30,384.41,3
2026-04-27T12:01:54.611612,team_a,3,441.7,2
2026-04-27T12:00:51.864081,team_b,3,321.67,2
2026-04-27T12:01:10.499034,team_b,5,140.77,1
2026-04-27T12:00:53.487790,team_b,50,413.4,2
2026-04-27T12:01:49.236305,team_b,30,258.21,0
2026-04-27T12:01:28.474885,team_b,30,206.05,2
2026-04-27T12:00:46.930844,team_a,20,162.11,3
2026-04-27T12:00:54.939378,team_a,50,92.99,0
2026-04-27T12:00:28.763431,team_a,5,447.15,2
2026-04-27T12:01:19.998833,team_a,4,458.93,3
2026-04-27T12:01:59.086767,team_a,10,84.44,0
2026-04-27T12:01:00.527381,team_b,20,252.92,2
2026-04-27T12:00:24.884651,team_a,30,62.02,3
2026-04-27T12:00:45.738668,team_b,4,228.5,0
2026-04-27T12:00:30.072688,team_a,10,351.63,3
2026-04-27T12:00:58.171108,team_a,2,296.79,1
2026-04-27T12:01:25.629785,team_b,3,261.85,2
2026-04-27T12:01:40.987504,team_a,1,323.14,1
2026-04-27T12:00:35.297358,team_b,3,84.91,0
2026-04-27T12:01:21.285977,team_a,30,211.14,1
2026-04-27T12:01:25.729473,team_a,30,363.53,0
2026-04-27T12:00:46.874207,team_b,30,73.59,0
2026-04-27T12:00:05.839763,team_b,4,467.97,2
2026-04-27T12:01:49.050766,team_a,2,57.22,0
2026-04-27T12:01:58.714875,team_b,4,355.98,0
2026-04-27T12:00:26.468142,team_a,3,375.81,0
2026-04-27T12:00:49.881601,team_a,10,195.21,1
2026-04-27T12:01:14.960802,team_b,20,104.36,1
2026-04-27T12:00:12.706238,team_b,3,56.75,2
2026-04-27T12:00:01.437765,team_a,30,149.04,2
2026-04-27T12:01:17.993399,team_b,1,80.3,1
2026-04-27T12:00:49.331620,team_b,2,370.64,1
2026-04-27T12:00:30.232818,team_a,50,195.96,3
2026-04-27T12:01:21.348063,team_a,10,128.9,2
2026-04-27T12:01:57.362584,team_b,2,200.8,3
2026-04-27T12:00:45.884568,team_a,40,314.36,0
2026-04-27T12:00:27.912709,team_a,5,156.38,3
2026-04-27T12:01:30.869489,team_a,1,111.9,3
2026-04-27T12:00:35.593768,team_a,20,141.97,0
2026-04-27T12:00:28.567676,team_b,10,110.42,2
2026-04-27T12:01:17.232249,team_a,40,406.3,3
2026-04-27T12:01:17.765571,team_b,1,153.05,2
2026-04-27T12:00:41.127410,team_a,40,74.33,1
2026-04-27T12:01:36.174217,team_a,50,442.72,2
2026-04-27T12:00:22.025457,team_a,2,441.44,0
2026-04-27T12:01:54.439343,team_a,3,472.22,1
2026-04-27T12:00:11.011127,team_a,4,278.34,3
2026-04-27T12:01:26.998693,team_b,3,374.75,1
2026-04-27T12:00:50.882013,team_a,5,178.41,3
2026-04-27T12:01:56.127097,team_a,5,438.09,3
2026-04-27T12:00:09.601917,team_b,20,219.97,3
2026-04-27T12:00:52.965129,team_b,3,418.82,3
2026-04-27T12:00:02.377329,team_b,20,434.32,2
2026-04-27T12:01:11.422003,team_a,40,376.99,2
2026-04-27T12:00:45.654028,team_b,30,177.45,3
2026-04-27T12:00:08.632758,team_a,30,138.07,1
2026-04-27T12:00:00.501666,team_b,30,232.05,3
2026-04-27T12:01:52.834198,team_b,20,270.3,0
2026-04-27T12:00:49.054510,team_a,2,223.17,1
2026-04-27T12:00:23.307384,team_b,5,397.07,2
2026-04-27T12:01:01.153004,team_b,10,363.4,3
2026-04-27T12:01:51.182251,team_a,4,264.98,2
2026-04-27T12:01:15.714326,team_a,3,167.6,3
2026-04-27T12:01:53.311827,team_a,5,161.34,1
2026-04-27T12:00:01.480486,team_a,20,228.95,0
2026-04-27T12:01:02.224445,team_a,20,124.62,3
2026-04-27T12:00:30.344548,team_b,40,485.46,3
2026-04-27T12:01:10.329573,team_b,2,99.17,2
2026-04-27T12:01:37.707363,team_b,4,468.51,3
2026-04-27T12:01:23.881080,team_a,3,417.38,0
2026-04-27T12:00:11.624479,team_b,40,237.58,2
2026-04-27T12:01:27.965068,team_a,3,218.59,1
2026-04-27T12:00:23.762463,team_a,40,476.82,3
2026-04-27T12:01:08.051056,team_a,3,140.42,1
2026-04-27T12:01:37.101435,team_a,5,492.33,3
2026-04-27T12:00:52.887654,team_a,3,85.91,0
2026-04-27T12:00:45.327425,team_b,2,203.97,1
2026-04-27T12:00:57.347654,team_a,1,77.48,0
2026-04-27T12:01:19.838673,team_a,2,144.98,0
2026-04-27T12:00:45.079896,team_b,30,262.95,2
2026-04-27T12:01:12.524586,team_b,10,356.84,2
2026-04-27T12:01:59.933416,team_a,10,349.29,3
2026-04-27T12:01:13.297087,team_b,10,412.82,0
2026-04-27T12:00:54.830311,team_b,3,61.56,0
2026-04-27T12:01:44.280634,team_b,4,215.79,3
2026-04-27T12:01:01.789680,team_a,1,493.78,2
2026-04-27T12:00:01.995636,team_b,1,486.32,2
2026-04-27T12:01:21.351530,team_a,50,268.04,0
2026-04-27T12:00:41.800075,team_b,2,380.42,2
2026-04-27T12:01:12.860857,team_a,40,444.31,0
2026-04-27T12:00:15.343363,team_a,5,424.56,3
2026-04-27T12:00:20.166342,team_b,2,266.98,1
2026-04-27T12:00:29.202720,team_a,2,97.46,0
2026-04-27T12:00:19.228233,team_b,20,394.84,1
2026-04-27T12:01:26.300998,team_b,2,349.46,3
2026-04-27T12:00:10.853011,team_b,4,469.3,0
2026-04-27T12:01:17.278385,team_b,20,344.26,3
2026-04-27T12:01:37.013698,team_a,5,102.06,0
2026-04-27T12:00:13.365903,team_b,50,471.74,0
2026-04-27T12:01:08.740681,team_a,10,479.33,0
2026-04-27T12:00:37.295870,team_a,20,490.93,2
2026-04-27T12:01:32.553708,team_a,40,348.68,1
2026-04-27T12:00:12.790311,team_a,40,433.56,2
2026-04-27T12:00:17.364094,team_b,4,274.92,3
2026-04-27T12:00:17.691043,team_b,3,386.18,0
2026-04-27T12:01:11.865637,team_b,40,495.65,0
2026-04-27T12:00:32.814305,team_b,4,272.76,3
2026-04-27T12:00:07.057511,team_b,3,422.55,1
2026-04-27T12:01:41.768394,team_a,1,465.42,1
2026-04-27T12:01:42.813456,team_b,5,492.98,1
2026-04-27T12:01:58.927586,team_b,10,240.1,3
2026-04-27T12:01:58.837716,team_b,20,82.32,2
2026-04-27T12:00:33.883690,team_a,40,227.2,1
2026-04-27T12:00:38.810230,team_a,5,255.89,1
2026-04-27T12:01:09.258889,team_b,30,180.99,1
2026-04-27T12:00:25.171961,team_a,1,213.0,0
2026-04-27T12:01:21.398137,team_a,20,477.68,3
2026-04-27T12:01:21.533432,team_a,1,93.22,3
2026-04-27T12:00:21.555946,team_a,2,491.12,2
2026-04-27T12:01:11.207087,team_a,20,160.25,0
2026-04-27T12:00:28.902651,team_b,5,359.59,1
2026-04-27T12:01:18.335636,team_b,2,399.98,3
2026-04-27T12:00:33.025925,team_b,10,55.22,0
2026-04-27T12:00:09.916439,team_b,40,151.22,3
2026-04-27T12:00:32.846977,team_a,50,131.49,3
2026-04-27T12:01:59.994503,team_b,5,307.14,0
2026-04-27T12:00:39.027477,team_a,20,415.79,0
2026-04-27T12:00:47.255585,team_b,2,283.51,0
2026-04-27T12:01:30.420986,team_a,2,131.3,1
2026-04-27T12:00:00.638880,team_b,10,105.37,1
2026-04-27T12:01:09.009724,team_a,2,303.12,0
2026-04-27T12:00:10.153239,team_a,40,184.36,1
2026-04-27T12:00:50.766159,team_a,4,185.27,2
2026-04-27T12:01:19.098909,team_b,3,309.68,2
2026-04-27T12:01:02.719951,team_b,50,292.19,1
2026-04-27T12:01:22.551637,team_a,4,66.53,1
2026-04-27T12:00:35.965108,team_a,3,320.96,1
2026-04-27T12:01:11.013977,team_b,3,378.1,3
2026-04-27T12:00:08.923159,team_b,5,221.8,1
2026-04-27T12:00:48.007125,team_a,5,354.44,1
2026-04-27T12:01:04.308518,team_a,5,497.91,1
2026-04-27T12:01:25.733396,team_a,20,419.71,2
2026-04-27T12:01:59.093879,team_b,20,61.66,1
2026-04-27T12:00:09.302952,team_a,40,99.5,3
2026-04-27T12:00:07.915123,team_a,10,459.16,2
2026-04-27T12:00:17.559556,team_a,5,54.44,3
2026-04-27T12:01:57.538226,team_a,20,478.3,0
2026-04-27T12:00:21.087765,team_b,50,419.6,3
2026-04-27T12:00:11.464867,team_b,50,439.43,2
2026-04-27T12:01:12.896033,team_a,3,193.1,3
2026-04-27T12:00:21.680698,team_b,30,316.54,2
2026-04-27T12:00:01.139696,team_a,3,114.2,2
2026-04-27T12:00:06.343755,team_b,4,355.2,3
2026-04-27T12:01:24.814412,team_a,30,493.81,3
2026-04-27T12:01:00.267509,team_b,20,284.27,1
2026-04-27T12:00:36.622492,team_a,5,232.93,2
2026-04-27T12:01:41.429473,team_a,2,378.48,0
2026-04-27T12:00:19.813575,team_a,2,384.53,3
2026-04-27T12:01:37.001630,team_a,20,354.66,1
2026-04-27T12:00:57.558714,team_a,20,56.26,1
2026-04-27T12:01:49.306369,team_a,20,366.17,2
2026-04-27T12:00:29.307150,team_a,50,251.89,1
2026-04-27T12:01:20.942660,team_a,3,83.81,1
2026-04-27T12:01:01.642138,team_a,20,272.98,1
2026-04-27T12:00:44.794044,team_a,10,461.32,1
2026-04-27T12:01:39.807169,team_a,5,184.63,2
2026-04-27T12:00:31.770095,team_a,50,227.13,2
2026-04-27T12:01:51.493081,team_a,30,451.62,3
2026-04-27T12:00:06.899607,team_a,50,257.16,2
2026-04-27T12:00:42.467129,team_a,10,450.59,1
2026-04-27T12:00:48.248171,team_a,2,243.86,1
2026-04-27T12:00:10.169254,team_a,20,105.73,3
2026-04-27T12:00:00.829254,team_b,4,261.81,2
2026-04-27T12:00:35.914194,team_b,3,291.39,2
2026-04-27T12:00:13.043399,team_b,30,122.83,2
2026-04-27T12:01:29.650931,team_a,10,447.61,1
2026-04-27T12:00:13.279877,team_b,1,110.16,3
2026-04-27T12:01:29.270878,team_a,3,349.79,3
2026-04-27T12:01:55.163862,team_b,2,239.49,3
2026-04-27T12:01:35.978410,team_a,10,387.99,3
2026-04-27T12:01:00.223030,team_b,3,99.38,0
2026-04-27T12:01:35.125555,team_a,3,204.85,0
2026-04-27T12:01:32.086194,team_a,1,355.24,2
2026-04-27T12:00:51.559806,team_a,20,266.09,2
2026-04-27T12:00:58.311509,team_b,4,327.93,1
2026-04-27T12:00:29.936014,team_a,5,497.42,1
2026-04-27T12:01:19.959654,team_b,4,263.25,0
2026-04-27T12:01:24.137394,team_a,4,496.65,1
2026-04-27T12:00:27.526103,team_a,20,67.26,1
2026-04-27T12:01:51.491800,team_b,1,327.41,0
2026-04-27T12:01:43.722013,team_b,20,286.24,1
2026-04-27T12:00:26.613028,team_b,30,77.61,3
2026-04-27T12:01:17.264779,team_b,2,171.16,2
2026-04-27T12:01:53.159850,team_b,4,193.93,0
2026-04-27T12:00:21.810195,team_a,1,347.19,2
2026-04-27T12:00:25.437306,team_b,5,458.82,0
2026-04-27T12:00:51.708903,team_b,30,213.61,2
2026-04-27T12:00:13.383434,team_a,40,396.71,1
2026-04-27T12:00:39.745408,team_b,50,287.99,2
2026-04-27T12:00:28.590266,team_b,4,312.95,0
2026-04-27T12:01:46.463256,team_a,50,104.16,1
2026-04-27T12:00:23.151301,team_b,2,83.7,2
2026-04-27T12:00:36.177170,team_b,4,290.1,1
2026-04-27T12:00:05.257333,team_a,20,297.72,2
2026-04-27T12:01:46.990398,team_b,10,251.82,0
2026-04-27T12:01:49.301902,team_a,30,238.55,0
2026-04-27T12:00:20.032215,team_b,3,180.35,0
2026-04-27T12:01:35.326846,team_a,20,272.76,0
2026-04-27T12:00:19.862186,team_b,40,400.72,3
2026-04-27T12:01:12.866206,team_a,3,51.62,1
2026-04-27T12:01:11.053531,team_a,40,254.95,2
2026-04-27T12:00:36.409221,team_a,5,368.71,0
2026-04-27T12:00:20.533092,team_a,40,157.2,0
2026-04-27T12:01:16.753841,team_b,3,171.7,0
2026-04-27T12:01:17.089575,team_a,4,290.57,0
2026-04-27T12:01:17.837460,team_b,10,87.46,2
2026-04-27T12:01:26.649551,team_b,50,182.7,0
2026-04-27T12:01:15.114637,team_a,10,148.68,2
2026-04-27T12:00:21.208229,team_a,40,345.79,0
2026-04-27T12:01:26.712263,team_b,5,441.51,1
2026-04-27T12:01:38.021644,team_a,10,170.96,3
2026-04-27T12:00:18.676977,team_a,20,215.89,3
2026-04-27T12:00:11.242927,team_a,30,133.26,1
2026-04-27T12:00:22.663191,team_b,3,341.4,0
2026-04-27T12:00:37.219227,team_a,20,359.32,1
2026-04-27T12:00:08.334494,team_a,20,160.36,3
2026-04-27T12:00:12.028056,team_a,1,321.48,3
2026-04-27T12:00:46.078866,team_a,1,393.55,0
2026-04-27T12:00:15.861486,team_a,5,114.19,0
2026-04-27T12:01:35.088052,team_a,2,294.07,2
2026-04-27T12:01:42.326426,team_a,4,112.65,3
2026-04-27T12:01:37.855791,team_b,10,265.51,1
2026-04-27T12:00:06.705061,team_b,40,105.38,0
2026-04-27T12:00:12.337837,team_b,2,280.19,3
2026-04-27T12:00:17.020203,team_a,1,152.0,3
2026-04-27T12:00:17.685181,team_b,4,464.76,3
2026-04-27T12:01:22.411955,team_a,30,126.3,0
2026-04-27T12:00:26.942695,team_b,10,84.33,2
2026-04-27T12:00:14.202116,team_a,1,322.03,1
2026-04-27T12:00:51.435408,team_b,50,131.61,3
2026-04-27T12:00:18.026404,team_b,50,417.9,2
2026-04-27T12:01:45.048260,team_b,30,347.78,2
2026-04-27T12:01:37.286330,team_a,1,437.77,1
2026-04-27T12:01:33.334085,team_a,10,116.5,3
2026-04-27T12:01:26.561216,team_b,2,100.92,3
2026-04-27T12:01:55.150238,team_b,3,90.7,1
2026-04-27T12:00:21.824680,team_b,10,193.69,3
2026-04-27T12:00:57.754626,team_b,50,407.08,2
2026-04-27T12:00:16.586553,team_a,20,238.4,3
2026-04-27T12:01:04.649669,team_b,40,291.3,1
2026-04-27T12:00:46.155270,team_b,40,310.04,1
2026-04-27T12:01:24.371198,team_a,10,51.29,0
2026-04-27T12:00:43.487813,team_b,3,464.41,0
2026-04-27T12:01:49.363431,team_b,3,182.61,1
2026-04-27T12:01:40.230280,team_b,4,144.83,1
2026-04-27T12:00:06.703880,team_a,2,482.92,1
2026-04-27T12:00:45.295294,team_a,20,217.26,0
2026-04-27T12:01:19.529678,team_a,30,426.85,1
2026-04-27T12:00:03.622288,team_b,3,85.55,0
2026-04-27T12:00:01.497324,team_b,3,394.44,3
2026-04-27T12:01:29.226953,team_b,30,235.19,2
2026-04-27T12:00:53.276836,team_a,5,100.07,0
2026-04-27T12:01:45.738857,team_a,50,388.01,1
2026-04-27T12:00:01.304109,team_b,30,299.37,2
2026-04-27T12:01:50.298028,team_b,4,240.65,1
2026-04-27T12:00:32.619313,team_a,40,219.9,1
2026-04-27T12:01:29.176169,team_b,50,75.2,3
2026-04-27T12:00:22.043253,team_a,30,264.84,3
2026-04-27T12:01:39.270442,team_a,1,411.5,3
2026-04-27T12:00:23.367671,team_a,2,85.01,2
2026-04-27T12:00:03.365863,team_b,3,293.71,0
2026-04-27T12:00:25.429194,team_a,5,134.48,1
2026-04-27T12:01:16.606675,team_a,4,171.13,0
2026-04-27T12:01:07.648719,team_b,1,71.62,0
2026-04-27T12:01:53.221097,team_a,10,388.26,3
2026-04-27T12:01:00.025930,team_b,20,376.56,1
2026-04-27T12:01:24.318817,team_a,10,233.28,0
2026-04-27T12:01:00.261254,team_a,1,314.23,3
2026-04-27T12:00:57.234364,team_a,5,122.55,3
2026-04-27T12:00:09.450343,team_a,4,447.98,1
2026-04-27T12:01:32.259086,team_a,40,282.34,2
2026-04-27T12:00:53.697625,team_a,10,180.88,3
2026-04-27T12:00:04.801548,team_b,4,143.97,0
2026-04-27T12:01:54.961878,team_b,2,412.13,1
2026-04-27T12:01:31.958078,team_b,40,440.39,0
2026-04-27T12:00:59.869471,team_b,10,126.37,2
2026-04-27T12:00:19.376698,team_b,50,213.5,0
2026-04-27T12:00:08.536070,team_b,5,493.76,2
2026-04-27T12:01:31.577564,team_b,3,472.92,3
2026-04-27T12:00:04.751117,team_b,20,234.06,1
2026-04-27T12:00:52.899321,team_b,10,87.57,3
2026-04-27T12:01:00.713092,team_b,1,329.28,0
2026-04-27T12:01:28.925107,team_a,40,53.57,0
2026-04-27T12:00:34.879272,team_a,50,229.68,0
2026-04-27T12:00:26.766155,team_b,2,207.02,3
2026-04-27T12:01:17.098138,team_b,2,88.62,0
2026-04-27T12:01:50.095242,team_b,20,139.76,2
2026-04-27T12:00:07.736584,team_b,50,268.83,3
2026-04-27T12:00:13.719172,team_b,1,295.29,3
2026-04-27T12:00:17.461656,team_a,10,305.69,3
2026-04-27T12:00:07.488031,team_b,20,490.35,1
2026-04-27T12:00:06.489302,team_a,20,171.43,1
2026-04-27T12:00:10.030954,team_a,5,232.28,2
2026-04-27T12:01:44.853107,team_b,20,286.15,2
2026-04-27T12:00:22.089395,team_a,2,452.73,3
2026-04-27T12:00:41.042298,team_b,3,139.37,3
2026-04-27T12:00:57.795031,team_a,20,209.61,3
2026-04-27T12:01:38.761884,team_a,2,375.23,1
2026-04-27T12:00:38.847909,team_b,1,117.73,3
2026-04-27T12:01:52.058328,team_b,10,101.12,3
2026-04-27T12:00:31.536323,team_a,30,474.5,1
2026-04-27T12:01:16.115166,team_a,1,148.38,1
2026-04-27T12:00:50.421133,team_a,50,219.9,2
2026-04-27T12:00:25.171570,team_a,50,479.8,2
2026-04-27T12:01:37.653522,team_a,5,453.49,0
2026-04-27T12:01:23.918058,team_b,20,234.67,2
2026-04-27T12:01:39.382303,team_b,40,488.33,2
2026-04-27T12:00:13.605600,team_a,30,242.77,1
2026-04-27T12:01:06.330429,team_a,40,246.14,2
2026-04-27T12:01:41.410993,team_b,5,365.94,0
2026-04-27T12:01:59.443587,team_a,2,342.33,3
2026-04-27T12:00:12.441036,team_a,30,276.51,0
2026-04-27T12:01:20.125216,team_b,4,150.3,3
2026-04-27T12:01:06.190549,team_a,4,435.35,0
2026-04-27T12:00:42.073642,team_b,20,458.6,3
2026-04-27T12:00:00.912616,team_b,4,278.4,2
2026-04-27T12:01:45.552859,team_b,5,427.32,3
2026-04-27T12:01:20.796097,team_a,20,64.7,0
2026-04-27T12:00:18.405042,team_b,40,419.02,2
2026-04-27T12:00:40.210793,team_b,4,300.08,3
2026-04-27T12:00:23.119248,team_b,1,410.6,3
2026-04-27T12:00:15.464456,team_b,3,231.4,2
2026-04-27T12:01:02.073249,team_b,4,94.81,1
2026-04-27T12:01:00.510846,team_b,5,426.8,1
2026-04-27T12:01:53.844036,team_a,2,91.97,3
2026-04-27T12:00:01.384575,team_a,1,328.14,0
2026-04-27T12:01:08.615260,team_a,3,492.54,2
2026-04-27T12:00:22.386621,team_a,5,137.22,1
2026-04-27T12:01:27.157514,team_b,5,346.67,2
2026-04-27T12:00:09.955604,team_a,1,337.27,0
2026-04-27T12:00:13.311782,team_a,2,113.83,2
2026-04-27T12:01:47.352575,team_a,2,272.41,2
2026-04-27T12:01:49.526296,team_a,20,95.3,0
2026-04-27T12:00:49.649415,team_b,2,144.63,3
2026-04-27T12:00:45.030524,team_b,30,413.85,1
2026-04-27T12:00:35.850598,team_a,50,334.05,0
2026-04-27T12:00:14.064857,team_b,10,267.76,0
2026-04-27T12:00:19.006592,team_b,2,136.78,0
2026-04-27T12:01:04.314501,team_a,4,440.09,0
2026-04-27T12:01:47.828685,team_a,10,112.35,0
2026-04-27T12:01:27.329268,team_a,5,173.15,1
2026-04-27T12:01:54.387523,team_b,40,343.37,3
2026-04-27T12:01:29.423335,team_b,20,280.7,3
2026-04-27T12:01:50.681772,team_b,3,139.04,2
2026-04-27T12:01:55.424556,team_a,50,406.92,2
2026-04-27T12:00:19.878374,team_a,30,245.06,3
2026-04-27T12:00:50.848479,team_b,10,330.31,3
2026-04-27T12:00:51.517557,team_b,10,454.05,0
2026-04-27T12:00:53.928406,team_a,40,163.88,3
2026-04-27T12:00:35.216826,team_b,20,63.47,1
2026-04-27T12:01:37.084856,team_b,3,210.99,0
2026-04-27T12:00:25.822100,team_b,10,115.27,2
2026-04-27T12:00:14.676433,team_b,1,372.56,1
2026-04-27T12:00:55.845195,team_b,4,302.74,3
2026-04-27T12:00:34.033710,team_a,40,147.86,2
2026-04-27T12:01:25.951875,team_a,50,451.7,3
2026-04-27T12:01:21.855831,team_b,10,416.03,1
2026-04-27T12:00:23.654790,team_b,30,71.06,2
2026-04-27T12:00:50.548470,team_a,30,127.01,2
2026-04-27T12:01:10.940532,team_a,50,59.57,0
2026-04-27T12:01:17.239993,team_a,30,177.96,3
2026-04-27T12:00:04.440983,team_a,10,340.15,0
2026-04-27T12:00:56.387202,team_b,5,173.6,2
2026-04-27T12:00:48.041321,team_b,30,325.54,3
2026-04-27T12:00:35.813258,team_b,30,431.9,0
2026-04-27T12:01:41.169077,team_a,1,150.81,0
2026-04-27T12:00:16.648131,team_b,20,151.85,0
2026-04-27T12:00:22.939163,team_b,40,495.3,0
2026-04-27T12:00:31.162523,team_a,2,71.6,2
2026-04-27T12:00:09.005061,team_b,50,406.23,3
2026-04-27T12:00:32.389447,team_a,3,312.55,0
2026-04-27T12:00:15.154645,team_a,50,449.51,3
2026-04-27T12:01:16.428438,team_a,40,287.42,3
2026-04-27T12:01:19.352277,team_b,10,397.69,3
2026-04-27T12:00:27.099662,team_b,5,370.12,2
2026-04-27T12:01:07.021828,team_a,4,362.73,0
2026-04-27T12:01:56.611825,team_a,4,55.91,1
2026-04-27T12:00:56.178047,team_b,4,269.44,2
2026-04-27T12:00:25.039375,team_b,5,368.83,1
2026-04-27T12:01:41.736837,team_a,3,148.45,2
2026-04-27T12:00:46.269090,team_b,50,281.06,3
2026-04-27T12:00:22.554417,team_b,20,123.89,2
2026-04-27T12:01:54.179352,team_a,3,257.43,0
2026-04-27T12:01:29.403119,team_a,1,452.34,1
2026-04-27T12:00:32.010800,team_b,40,253.69,2
2026-04-27T12:00:14.199143,team_a,10,244.16,1
2026-04-27T12:00:47.631360,team_b,40,200.18,3
2026-04-27T12:00:32.710664,team_a,1,341.88,3
2026-04-27T12:00:23.271795,team_a,20,129.49,2
2026-04-27T12:01:03.547530,team_b,40,245.1,0
2026-04-27T12:01:17.561383,team_a,4,101.83,0
2026-04-27T12:01:09.027660,team_a,2,289.46,2
2026-04-27T12:00:27.175802,team_b,20,226.8,1
2026-04-27T12:01:28.070925,team_b,30,142.57,1
2026-04-27T12:00:41.715974,team_b,50,179.59,0
2026-04-27T12:00:11.309108,team_b,5,433.65,1
2026-04-27T12:00:20.427909,team_a,3,134.3,3
2026-04-27T12:00:17.020039,team_a,30,242.57,0
2026-04-27T12:00:21.301806,team_b,2,126.83,0
2026-04-27T12:01:11.280619,team_b,50,50.45,1
2026-04-27T12:00:56.708189,team_a,1,305.27,2
2026-04-27T12:01:40.243084,team_a,3,398.87,0
2026-04-27T12:00:36.552273,team_b,30,270.8,2
2026-04-27T12:01:58.775174,team_b,30,164.09,3
2026-04-27T12:00:01.627326,team_b,5,369.57,3
2026-04-27T12:00:13.531328,team_a,3,490.39,1
2026-04-27T12:01:19.124030,team_a,10,274.02,1
2026-04-27T12:01:09.310105,team_b,10,142.84,0
